Workbook

Sheet EMPLOYEE
A1: ID | B1: Name | C1: Role | D1: Dept | E1: Wages/min
A2: 0185217 | B2: Lionel Messy | C2: Manager | D2: Kick | E2: 20 | F2: =SUMIF(presensi!$A:$A,EMPLOYEE!A2,presensi!$D:$D) -> 2727 | G2: =F2*E2 -> 54540
A3: 0804447 | B3: Cristiano Rollaldo | C3: Manager | D3: Head | E3: 20 | F3: =SUMIF(presensi!$A:$A,EMPLOYEE!A3,presensi!$D:$D) -> 2999 | G3: =F3*E3 -> 59980
A4: 0813432 | B4: Pele Kickson | C4: Supervisor | D4: Kick | E4: 15 | F4: =SUMIF(presensi!$A:$A,EMPLOYEE!A4,presensi!$D:$D) -> 2703 | G4: =F4*E4 -> 40545
A5: 0055024 | B5: Diego Armando Maradohnut | C5: Supervisor | D5: Kick | E5: 15 | F5: =SUMIF(presensi!$A:$A,EMPLOYEE!A5,presensi!$D:$D) -> 2544 | G5: =F5*E5 -> 38160
A6: 0078657 | B6: Zinedine Zizouzoom | C6: Supervisor | D6: Head | E6: 15 | F6: =SUMIF(presensi!$A:$A,EMPLOYEE!A6,presensi!$D:$D) -> 2851 | G6: =F6*E6 -> 42765
A7: 0748083 | B7: Johan Cruyffturn | C7: Supervisor | D7: Head | E7: 15 | F7: =SUMIF(presensi!$A:$A,EMPLOYEE!A7,presensi!$D:$D) -> 2447 | G7: =F7*E7 -> 36705
A8: 0673615 | B8: RonaldinLOL | C8: Senior | D8: Kick | E8: 10 | F8: =SUMIF(presensi!$A:$A,EMPLOYEE!A8,presensi!$D:$D) -> 2739 | G8: =F8*E8 -> 27390
A9: 0193586 | B9: Neymar Junior Mint | C9: Junior | D9: Head | E9: 8 | F9: =SUMIF(presensi!$A:$A,EMPLOYEE!A9,presensi!$D:$D) -> 2764 | G9: =F9*E9 -> 22112
A10: 0479911 | B10: Kylian Mbappeedal | C10: Junior | D10: Kick | E10: 8 | G10: =SUM(G2:G9) -> 322197
A11: 0084387 | B11: Erling Haalandy | C11: Junior | D11: Head | E11: 8
A12: 0416428 | B12: Luka Modrichkid | C12: Senior | D12: Kick | E12: 10
A13: 0511122 | B13: David Beckhamburger | C13: Senior | D13: Head | E13: 10
A14: 0777956 | B14: Thierry Hurry | C14: Senior | D14: Kick | E14: 10
A15: 0462926 | B15: Ronaldo NazariOMG | C15: Senior | D15: Head | E15: 10
A16: 0884652 | B16: Paolo Maldreamy | C16: Senior | D16: Kick | E16: 10

Sheet Sheet3
A1: ID | B1: Name | C1: Role | D1: Dept | E1: Wages/min | F1: 6 | G1: 7
A2: 0185217 | B2: Lionel Messy | C2: Manager | D2: Kick | E2: 20 | F2: =(_xlfn.MAXIFS('jan67'!$B:$B,'jan67'!$A:$A,Sheet3!$A2,'jan67'!$D:$D,Sheet3!F$1)-_xlfn.MINIFS('jan67'!$B:$B,'jan67'!$A:$A,Sheet3!$A2,'jan67'!$D:$D,Sheet3!F$1))*1440 -> 388 | G2: =(_xlfn.MAXIFS('jan67'!$B:$B,'jan67'!$A:$A,Sheet3!$A2,'jan67'!$D:$D,Sheet3!G$1)-_xlfn.MINIFS('jan67'!$B:$B,'jan67'!$A:$A,Sheet3!$A2,'jan67'!$D:$D,Sheet3!G$1))*1440 -> 480 | H2: =SUM(F2:G2)*E2 -> 17360
A3: 0804447 | B3: Cristiano Rollaldo | C3: Manager | D3: Head | E3: 20 | F3: =(_xlfn.MAXIFS('jan67'!$B:$B,'jan67'!$A:$A,Sheet3!$A3,'jan67'!$D:$D,Sheet3!F$1)-_xlfn.MINIFS('jan67'!$B:$B,'jan67'!$A:$A,Sheet3!$A3,'jan67'!$D:$D,Sheet3!F$1))*1440 -> 552 | G3: =(_xlfn.MAXIFS('jan67'!$B:$B,'jan67'!$A:$A,Sheet3!$A3,'jan67'!$D:$D,Sheet3!G$1)-_xlfn.MINIFS('jan67'!$B:$B,'jan67'!$A:$A,Sheet3!$A3,'jan67'!$D:$D,Sheet3!G$1))*1440 -> 544 | H3: =SUM(F3:G3)*E3 -> 21920
A4: 0813432 | B4: Pele Kickson | C4: Supervisor | D4: Kick | E4: 15 | F4: =(_xlfn.MAXIFS('jan67'!$B:$B,'jan67'!$A:$A,Sheet3!$A4,'jan67'!$D:$D,Sheet3!F$1)-_xlfn.MINIFS('jan67'!$B:$B,'jan67'!$A:$A,Sheet3!$A4,'jan67'!$D:$D,Sheet3!F$1))*1440 -> 577 | G4: =(_xlfn.MAXIFS('jan67'!$B:$B,'jan67'!$A:$A,Sheet3!$A4,'jan67'!$D:$D,Sheet3!G$1)-_xlfn.MINIFS('jan67'!$B:$B,'jan67'!$A:$A,Sheet3!$A4,'jan67'!$D:$D,Sheet3!G$1))*1440 -> 650 | H4: =SUM(F4:G4)*E4 -> 18405
A5: 0055024 | B5: Diego Armando Maradohnut | C5: Supervisor | D5: Kick | E5: 15 | F5: =(_xlfn.MAXIFS('jan67'!$B:$B,'jan67'!$A:$A,Sheet3!$A5,'jan67'!$D:$D,Sheet3!F$1)-_xlfn.MINIFS('jan67'!$B:$B,'jan67'!$A:$A,Sheet3!$A5,'jan67'!$D:$D,Sheet3!F$1))*1440 -> 575 | G5: =(_xlfn.MAXIFS('jan67'!$B:$B,'jan67'!$A:$A,Sheet3!$A5,'jan67'!$D:$D,Sheet3!G$1)-_xlfn.MINIFS('jan67'!$B:$B,'jan67'!$A:$A,Sheet3!$A5,'jan67'!$D:$D,Sheet3!G$1))*1440 -> 424 | H5: =SUM(F5:G5)*E5 -> 14985
A6: 0078657 | B6: Zinedine Zizouzoom | C6: Supervisor | D6: Head | E6: 15 | F6: =(_xlfn.MAXIFS('jan67'!$B:$B,'jan67'!$A:$A,Sheet3!$A6,'jan67'!$D:$D,Sheet3!F$1)-_xlfn.MINIFS('jan67'!$B:$B,'jan67'!$A:$A,Sheet3!$A6,'jan67'!$D:$D,Sheet3!F$1))*1440 -> 548 | G6: =(_xlfn.MAXIFS('jan67'!$B:$B,'jan67'!$A:$A,Sheet3!$A6,'jan67'!$D:$D,Sheet3!G$1)-_xlfn.MINIFS('jan67'!$B:$B,'jan67'!$A:$A,Sheet3!$A6,'jan67'!$D:$D,Sheet3!G$1))*1440 -> 443 | H6: =SUM(F6:G6)*E6 -> 14865
A7: 0748083 | B7: Johan Cruyffturn | C7: Supervisor | D7: Head | E7: 15 | F7: =(_xlfn.MAXIFS('jan67'!$B:$B,'jan67'!$A:$A,Sheet3!$A7,'jan67'!$D:$D,Sheet3!F$1)-_xlfn.MINIFS('jan67'!$B:$B,'jan67'!$A:$A,Sheet3!$A7,'jan67'!$D:$D,Sheet3!F$1))*1440 -> 473 | G7: =(_xlfn.MAXIFS('jan67'!$B:$B,'jan67'!$A:$A,Sheet3!$A7,'jan67'!$D:$D,Sheet3!G$1)-_xlfn.MINIFS('jan67'!$B:$B,'jan67'!$A:$A,Sheet3!$A7,'jan67'!$D:$D,Sheet3!G$1))*1440 -> 571 | H7: =SUM(F7:G7)*E7 -> 15660
A8: 0673615 | B8: RonaldinLOL | C8: Senior | D8: Kick | E8: 10 | F8: =(_xlfn.MAXIFS('jan67'!$B:$B,'jan67'!$A:$A,Sheet3!$A8,'jan67'!$D:$D,Sheet3!F$1)-_xlfn.MINIFS('jan67'!$B:$B,'jan67'!$A:$A,Sheet3!$A8,'jan67'!$D:$D,Sheet3!F$1))*1440 -> 500 | G8: =(_xlfn.MAXIFS('jan67'!$B:$B,'jan67'!$A:$A,Sheet3!$A8,'jan67'!$D:$D,Sheet3!G$1)-_xlfn.MINIFS('jan67'!$B:$B,'jan67'!$A:$A,Sheet3!$A8,'jan67'!$D:$D,Sheet3!G$1))*1440 -> 445 | H8: =SUM(F8:G8)*E8 -> 9450
A9: 0193586 | B9: Neymar Junior Mint | C9: Junior | D9: Head | E9: 8 | F9: =(_xlfn.MAXIFS('jan67'!$B:$B,'jan67'!$A:$A,Sheet3!$A9,'jan67'!$D:$D,Sheet3!F$1)-_xlfn.MINIFS('jan67'!$B:$B,'jan67'!$A:$A,Sheet3!$A9,'jan67'!$D:$D,Sheet3!F$1))*1440 -> 546 | G9: =(_xlfn.MAXIFS('jan67'!$B:$B,'jan67'!$A:$A,Sheet3!$A9,'jan67'!$D:$D,Sheet3!G$1)-_xlfn.MINIFS('jan67'!$B:$B,'jan67'!$A:$A,Sheet3!$A9,'jan67'!$D:$D,Sheet3!G$1))*1440 -> 490 | H9: =SUM(F9:G9)*E9 -> 8288
A10: 0479911 | B10: Kylian Mbappeedal | C10: Junior | D10: Kick | E10: 8 | F10: =(_xlfn.MAXIFS('jan67'!$B:$B,'jan67'!$A:$A,Sheet3!$A10,'jan67'!$D:$D,Sheet3!F$1)-_xlfn.MINIFS('jan67'!$B:$B,'jan67'!$A:$A,Sheet3!$A10,'jan67'!$D:$D,Sheet3!F$1))*1440 -> 0 | H10: =SUM(H2:H9) -> 120933
A11: 0084387 | B11: Erling Haalandy | C11: Junior | D11: Head | E11: 8 | F11: =(_xlfn.MAXIFS('jan67'!$B:$B,'jan67'!$A:$A,Sheet3!$A11,'jan67'!$D:$D,Sheet3!F$1)-_xlfn.MINIFS('jan67'!$B:$B,'jan67'!$A:$A,Sheet3!$A11,'jan67'!$D:$D,Sheet3!F$1))*1440 -> 0
A12: 0416428 | B12: Luka Modrichkid | C12: Senior | D12: Kick | E12: 10 | F12: =(_xlfn.MAXIFS('jan67'!$B:$B,'jan67'!$A:$A,Sheet3!$A12,'jan67'!$D:$D,Sheet3!F$1)-_xlfn.MINIFS('jan67'!$B:$B,'jan67'!$A:$A,Sheet3!$A12,'jan67'!$D:$D,Sheet3!F$1))*1440 -> 0
A13: 0511122 | B13: David Beckhamburger | C13: Senior | D13: Head | E13: 10 | F13: =(_xlfn.MAXIFS('jan67'!$B:$B,'jan67'!$A:$A,Sheet3!$A13,'jan67'!$D:$D,Sheet3!F$1)-_xlfn.MINIFS('jan67'!$B:$B,'jan67'!$A:$A,Sheet3!$A13,'jan67'!$D:$D,Sheet3!F$1))*1440 -> 0
A14: 0777956 | B14: Thierry Hurry | C14: Senior | D14: Kick | E14: 10 | F14: =(_xlfn.MAXIFS('jan67'!$B:$B,'jan67'!$A:$A,Sheet3!$A14,'jan67'!$D:$D,Sheet3!F$1)-_xlfn.MINIFS('jan67'!$B:$B,'jan67'!$A:$A,Sheet3!$A14,'jan67'!$D:$D,Sheet3!F$1))*1440 -> 0
A15: 0462926 | B15: Ronaldo NazariOMG | C15: Senior | D15: Head | E15: 10 | F15: =(_xlfn.MAXIFS('jan67'!$B:$B,'jan67'!$A:$A,Sheet3!$A15,'jan67'!$D:$D,Sheet3!F$1)-_xlfn.MINIFS('jan67'!$B:$B,'jan67'!$A:$A,Sheet3!$A15,'jan67'!$D:$D,Sheet3!F$1))*1440 -> 0
A16: 0884652 | B16: Paolo Maldreamy | C16: Senior | D16: Kick | E16: 10 | F16: =(_xlfn.MAXIFS('jan67'!$B:$B,'jan67'!$A:$A,Sheet3!$A16,'jan67'!$D:$D,Sheet3!F$1)-_xlfn.MINIFS('jan67'!$B:$B,'jan67'!$A:$A,Sheet3!$A16,'jan67'!$D:$D,Sheet3!F$1))*1440 -> 0

Sheet Sheet5
A1: ID | B1: Name | C1: Role | D1: Dept | E1: Wages/min | F1: Total | G1: 1 | H1: 2 | I1: 3 | J1: 4 | K1: 5 | L1: 6 | M1: 7 | N1: 8 | O1: 9 | P1: 10 | Q1: 11 | R1: 12
A2: 0185217 | B2: Lionel Messy | C2: Manager | D2: Kick | E2: 20 | F2: =(SUMIFS('2025'!$B:$B,'2025'!$A:$A,Sheet5!A2,'2025'!$C:$C,"Out")-SUMIFS('2025'!$B:$B,'2025'!$A:$A,Sheet5!A2,'2025'!$C:$C,"In"))*1440*E2 -> 3952600 | G2: =(SUMIFS('2025'!$B:$B,'2025'!$A:$A,Sheet5!$A2,'2025'!$C:$C,"Out",'2025'!$D:$D,Sheet5!G$1)-SUMIFS('2025'!$B:$B,'2025'!$A:$A,Sheet5!$A2,'2025'!$C:$C,"In",'2025'!$D:$D,Sheet5!G$1))*1440*$E2 -> 329440 | H2: =(SUMIFS('2025'!$B:$B,'2025'!$A:$A,Sheet5!$A2,'2025'!$C:$C,"Out",'2025'!$D:$D,Sheet5!H$1)-SUMIFS('2025'!$B:$B,'2025'!$A:$A,Sheet5!$A2,'2025'!$C:$C,"In",'2025'!$D:$D,Sheet5!H$1))*1440*$E2 -> 286640 | I2: =(SUMIFS('2025'!$B:$B,'2025'!$A:$A,Sheet5!$A2,'2025'!$C:$C,"Out",'2025'!$D:$D,Sheet5!I$1)-SUMIFS('2025'!$B:$B,'2025'!$A:$A,Sheet5!$A2,'2025'!$C:$C,"In",'2025'!$D:$D,Sheet5!I$1))*1440*$E2 -> 345040 | J2: =(SUMIFS('2025'!$B:$B,'2025'!$A:$A,Sheet5!$A2,'2025'!$C:$C,"Out",'2025'!$D:$D,Sheet5!J$1)-SUMIFS('2025'!$B:$B,'2025'!$A:$A,Sheet5!$A2,'2025'!$C:$C,"In",'2025'!$D:$D,Sheet5!J$1))*1440*$E2 -> 326180 | K2: =(SUMIFS('2025'!$B:$B,'2025'!$A:$A,Sheet5!$A2,'2025'!$C:$C,"Out",'2025'!$D:$D,Sheet5!K$1)-SUMIFS('2025'!$B:$B,'2025'!$A:$A,Sheet5!$A2,'2025'!$C:$C,"In",'2025'!$D:$D,Sheet5!K$1))*1440*$E2 -> 346060 | L2: =(SUMIFS('2025'!$B:$B,'2025'!$A:$A,Sheet5!$A2,'2025'!$C:$C,"Out",'2025'!$D:$D,Sheet5!L$1)-SUMIFS('2025'!$B:$B,'2025'!$A:$A,Sheet5!$A2,'2025'!$C:$C,"In",'2025'!$D:$D,Sheet5!L$1))*1440*$E2 -> 324360 | M2: =(SUMIFS('2025'!$B:$B,'2025'!$A:$A,Sheet5!$A2,'2025'!$C:$C,"Out",'2025'!$D:$D,Sheet5!M$1)-SUMIFS('2025'!$B:$B,'2025'!$A:$A,Sheet5!$A2,'2025'!$C:$C,"In",'2025'!$D:$D,Sheet5!M$1))*1440*$E2 -> 343760 | N2: =(SUMIFS('2025'!$B:$B,'2025'!$A:$A,Sheet5!$A2,'2025'!$C:$C,"Out",'2025'!$D:$D,Sheet5!N$1)-SUMIFS('2025'!$B:$B,'2025'!$A:$A,Sheet5!$A2,'2025'!$C:$C,"In",'2025'!$D:$D,Sheet5!N$1))*1440*$E2 -> 333780 | ... R2: =(SUMIFS('2025'!$B:$B,'2025'!$A:$A,Sheet5!$A2,'2025'!$C:$C,"Out",'2025'!$D:$D,Sheet5!R$1)-SUMIFS('2025'!$B:$B,'2025'!$A:$A,Sheet5!$A2,'2025'!$C:$C,"In",'2025'!$D:$D,Sheet5!R$1))*1440*$E2 -> 338020
A3: 0804447 | B3: Cristiano Rollaldo | C3: Manager | D3: Head | E3: 20 | F3: =(SUMIFS('2025'!$B:$B,'2025'!$A:$A,Sheet5!A3,'2025'!$C:$C,"Out")-SUMIFS('2025'!$B:$B,'2025'!$A:$A,Sheet5!A3,'2025'!$C:$C,"In"))*1440*E3 -> 3958220 | G3: =(SUMIFS('2025'!$B:$B,'2025'!$A:$A,Sheet5!$A3,'2025'!$C:$C,"Out",'2025'!$D:$D,Sheet5!G$1)-SUMIFS('2025'!$B:$B,'2025'!$A:$A,Sheet5!$A3,'2025'!$C:$C,"In",'2025'!$D:$D,Sheet5!G$1))*1440*$E3 -> 348700 | H3: =(SUMIFS('2025'!$B:$B,'2025'!$A:$A,Sheet5!$A3,'2025'!$C:$C,"Out",'2025'!$D:$D,Sheet5!H$1)-SUMIFS('2025'!$B:$B,'2025'!$A:$A,Sheet5!$A3,'2025'!$C:$C,"In",'2025'!$D:$D,Sheet5!H$1))*1440*$E3 -> 298920 | I3: =(SUMIFS('2025'!$B:$B,'2025'!$A:$A,Sheet5!$A3,'2025'!$C:$C,"Out",'2025'!$D:$D,Sheet5!I$1)-SUMIFS('2025'!$B:$B,'2025'!$A:$A,Sheet5!$A3,'2025'!$C:$C,"In",'2025'!$D:$D,Sheet5!I$1))*1440*$E3 -> 320220 | J3: =(SUMIFS('2025'!$B:$B,'2025'!$A:$A,Sheet5!$A3,'2025'!$C:$C,"Out",'2025'!$D:$D,Sheet5!J$1)-SUMIFS('2025'!$B:$B,'2025'!$A:$A,Sheet5!$A3,'2025'!$C:$C,"In",'2025'!$D:$D,Sheet5!J$1))*1440*$E3 -> 322420 | K3: =(SUMIFS('2025'!$B:$B,'2025'!$A:$A,Sheet5!$A3,'2025'!$C:$C,"Out",'2025'!$D:$D,Sheet5!K$1)-SUMIFS('2025'!$B:$B,'2025'!$A:$A,Sheet5!$A3,'2025'!$C:$C,"In",'2025'!$D:$D,Sheet5!K$1))*1440*$E3 -> 353000 | L3: =(SUMIFS('2025'!$B:$B,'2025'!$A:$A,Sheet5!$A3,'2025'!$C:$C,"Out",'2025'!$D:$D,Sheet5!L$1)-SUMIFS('2025'!$B:$B,'2025'!$A:$A,Sheet5!$A3,'2025'!$C:$C,"In",'2025'!$D:$D,Sheet5!L$1))*1440*$E3 -> 326620 | M3: =(SUMIFS('2025'!$B:$B,'2025'!$A:$A,Sheet5!$A3,'2025'!$C:$C,"Out",'2025'!$D:$D,Sheet5!M$1)-SUMIFS('2025'!$B:$B,'2025'!$A:$A,Sheet5!$A3,'2025'!$C:$C,"In",'2025'!$D:$D,Sheet5!M$1))*1440*$E3 -> 342960 | N3: =(SUMIFS('2025'!$B:$B,'2025'!$A:$A,Sheet5!$A3,'2025'!$C:$C,"Out",'2025'!$D:$D,Sheet5!N$1)-SUMIFS('2025'!$B:$B,'2025'!$A:$A,Sheet5!$A3,'2025'!$C:$C,"In",'2025'!$D:$D,Sheet5!N$1))*1440*$E3 -> 329200 | ... R3: =(SUMIFS('2025'!$B:$B,'2025'!$A:$A,Sheet5!$A3,'2025'!$C:$C,"Out",'2025'!$D:$D,Sheet5!R$1)-SUMIFS('2025'!$B:$B,'2025'!$A:$A,Sheet5!$A3,'2025'!$C:$C,"In",'2025'!$D:$D,Sheet5!R$1))*1440*$E3 -> 334500
A4: 0813432 | B4: Pele Kickson | C4: Supervisor | D4: Kick | E4: 15 | F4: =(SUMIFS('2025'!$B:$B,'2025'!$A:$A,Sheet5!A4,'2025'!$C:$C,"Out")-SUMIFS('2025'!$B:$B,'2025'!$A:$A,Sheet5!A4,'2025'!$C:$C,"In"))*1440*E4 -> 2962740 | G4: =(SUMIFS('2025'!$B:$B,'2025'!$A:$A,Sheet5!$A4,'2025'!$C:$C,"Out",'2025'!$D:$D,Sheet5!G$1)-SUMIFS('2025'!$B:$B,'2025'!$A:$A,Sheet5!$A4,'2025'!$C:$C,"In",'2025'!$D:$D,Sheet5!G$1))*1440*$E4 -> 257580 | H4: =(SUMIFS('2025'!$B:$B,'2025'!$A:$A,Sheet5!$A4,'2025'!$C:$C,"Out",'2025'!$D:$D,Sheet5!H$1)-SUMIFS('2025'!$B:$B,'2025'!$A:$A,Sheet5!$A4,'2025'!$C:$C,"In",'2025'!$D:$D,Sheet5!H$1))*1440*$E4 -> 218385 | I4: =(SUMIFS('2025'!$B:$B,'2025'!$A:$A,Sheet5!$A4,'2025'!$C:$C,"Out",'2025'!$D:$D,Sheet5!I$1)-SUMIFS('2025'!$B:$B,'2025'!$A:$A,Sheet5!$A4,'2025'!$C:$C,"In",'2025'!$D:$D,Sheet5!I$1))*1440*$E4 -> 248505 | J4: =(SUMIFS('2025'!$B:$B,'2025'!$A:$A,Sheet5!$A4,'2025'!$C:$C,"Out",'2025'!$D:$D,Sheet5!J$1)-SUMIFS('2025'!$B:$B,'2025'!$A:$A,Sheet5!$A4,'2025'!$C:$C,"In",'2025'!$D:$D,Sheet5!J$1))*1440*$E4 -> 244605 | K4: =(SUMIFS('2025'!$B:$B,'2025'!$A:$A,Sheet5!$A4,'2025'!$C:$C,"Out",'2025'!$D:$D,Sheet5!K$1)-SUMIFS('2025'!$B:$B,'2025'!$A:$A,Sheet5!$A4,'2025'!$C:$C,"In",'2025'!$D:$D,Sheet5!K$1))*1440*$E4 -> 253710 | L4: =(SUMIFS('2025'!$B:$B,'2025'!$A:$A,Sheet5!$A4,'2025'!$C:$C,"Out",'2025'!$D:$D,Sheet5!L$1)-SUMIFS('2025'!$B:$B,'2025'!$A:$A,Sheet5!$A4,'2025'!$C:$C,"In",'2025'!$D:$D,Sheet5!L$1))*1440*$E4 -> 245265 | M4: =(SUMIFS('2025'!$B:$B,'2025'!$A:$A,Sheet5!$A4,'2025'!$C:$C,"Out",'2025'!$D:$D,Sheet5!M$1)-SUMIFS('2025'!$B:$B,'2025'!$A:$A,Sheet5!$A4,'2025'!$C:$C,"In",'2025'!$D:$D,Sheet5!M$1))*1440*$E4 -> 250290 | N4: =(SUMIFS('2025'!$B:$B,'2025'!$A:$A,Sheet5!$A4,'2025'!$C:$C,"Out",'2025'!$D:$D,Sheet5!N$1)-SUMIFS('2025'!$B:$B,'2025'!$A:$A,Sheet5!$A4,'2025'!$C:$C,"In",'2025'!$D:$D,Sheet5!N$1))*1440*$E4 -> 245760 | ... R4: =(SUMIFS('2025'!$B:$B,'2025'!$A:$A,Sheet5!$A4,'2025'!$C:$C,"Out",'2025'!$D:$D,Sheet5!R$1)-SUMIFS('2025'!$B:$B,'2025'!$A:$A,Sheet5!$A4,'2025'!$C:$C,"In",'2025'!$D:$D,Sheet5!R$1))*1440*$E4 -> 254715
A5: 0055024 | B5: Diego Armando Maradohnut | C5: Supervisor | D5: Kick | E5: 15 | F5: =(SUMIFS('2025'!$B:$B,'2025'!$A:$A,Sheet5!A5,'2025'!$C:$C,"Out")-SUMIFS('2025'!$B:$B,'2025'!$A:$A,Sheet5!A5,'2025'!$C:$C,"In"))*1440*E5 -> 2942895 | G5: =(SUMIFS('2025'!$B:$B,'2025'!$A:$A,Sheet5!$A5,'2025'!$C:$C,"Out",'2025'!$D:$D,Sheet5!G$1)-SUMIFS('2025'!$B:$B,'2025'!$A:$A,Sheet5!$A5,'2025'!$C:$C,"In",'2025'!$D:$D,Sheet5!G$1))*1440*$E5 -> 255750 | H5: =(SUMIFS('2025'!$B:$B,'2025'!$A:$A,Sheet5!$A5,'2025'!$C:$C,"Out",'2025'!$D:$D,Sheet5!H$1)-SUMIFS('2025'!$B:$B,'2025'!$A:$A,Sheet5!$A5,'2025'!$C:$C,"In",'2025'!$D:$D,Sheet5!H$1))*1440*$E5 -> 214815 | I5: =(SUMIFS('2025'!$B:$B,'2025'!$A:$A,Sheet5!$A5,'2025'!$C:$C,"Out",'2025'!$D:$D,Sheet5!I$1)-SUMIFS('2025'!$B:$B,'2025'!$A:$A,Sheet5!$A5,'2025'!$C:$C,"In",'2025'!$D:$D,Sheet5!I$1))*1440*$E5 -> 265155 | J5: =(SUMIFS('2025'!$B:$B,'2025'!$A:$A,Sheet5!$A5,'2025'!$C:$C,"Out",'2025'!$D:$D,Sheet5!J$1)-SUMIFS('2025'!$B:$B,'2025'!$A:$A,Sheet5!$A5,'2025'!$C:$C,"In",'2025'!$D:$D,Sheet5!J$1))*1440*$E5 -> 237780 | K5: =(SUMIFS('2025'!$B:$B,'2025'!$A:$A,Sheet5!$A5,'2025'!$C:$C,"Out",'2025'!$D:$D,Sheet5!K$1)-SUMIFS('2025'!$B:$B,'2025'!$A:$A,Sheet5!$A5,'2025'!$C:$C,"In",'2025'!$D:$D,Sheet5!K$1))*1440*$E5 -> 248040 | L5: =(SUMIFS('2025'!$B:$B,'2025'!$A:$A,Sheet5!$A5,'2025'!$C:$C,"Out",'2025'!$D:$D,Sheet5!L$1)-SUMIFS('2025'!$B:$B,'2025'!$A:$A,Sheet5!$A5,'2025'!$C:$C,"In",'2025'!$D:$D,Sheet5!L$1))*1440*$E5 -> 251775 | M5: =(SUMIFS('2025'!$B:$B,'2025'!$A:$A,Sheet5!$A5,'2025'!$C:$C,"Out",'2025'!$D:$D,Sheet5!M$1)-SUMIFS('2025'!$B:$B,'2025'!$A:$A,Sheet5!$A5,'2025'!$C:$C,"In",'2025'!$D:$D,Sheet5!M$1))*1440*$E5 -> 252795 | N5: =(SUMIFS('2025'!$B:$B,'2025'!$A:$A,Sheet5!$A5,'2025'!$C:$C,"Out",'2025'!$D:$D,Sheet5!N$1)-SUMIFS('2025'!$B:$B,'2025'!$A:$A,Sheet5!$A5,'2025'!$C:$C,"In",'2025'!$D:$D,Sheet5!N$1))*1440*$E5 -> 248310 | ... R5: =(SUMIFS('2025'!$B:$B,'2025'!$A:$A,Sheet5!$A5,'2025'!$C:$C,"Out",'2025'!$D:$D,Sheet5!R$1)-SUMIFS('2025'!$B:$B,'2025'!$A:$A,Sheet5!$A5,'2025'!$C:$C,"In",'2025'!$D:$D,Sheet5!R$1))*1440*$E5 -> 239610
A6: 0078657 | B6: Zinedine Zizouzoom | C6: Supervisor | D6: Head | E6: 15 | F6: =(SUMIFS('2025'!$B:$B,'2025'!$A:$A,Sheet5!A6,'2025'!$C:$C,"Out")-SUMIFS('2025'!$B:$B,'2025'!$A:$A,Sheet5!A6,'2025'!$C:$C,"In"))*1440*E6 -> 2975685 | G6: =(SUMIFS('2025'!$B:$B,'2025'!$A:$A,Sheet5!$A6,'2025'!$C:$C,"Out",'2025'!$D:$D,Sheet5!G$1)-SUMIFS('2025'!$B:$B,'2025'!$A:$A,Sheet5!$A6,'2025'!$C:$C,"In",'2025'!$D:$D,Sheet5!G$1))*1440*$E6 -> 247950 | H6: =(SUMIFS('2025'!$B:$B,'2025'!$A:$A,Sheet5!$A6,'2025'!$C:$C,"Out",'2025'!$D:$D,Sheet5!H$1)-SUMIFS('2025'!$B:$B,'2025'!$A:$A,Sheet5!$A6,'2025'!$C:$C,"In",'2025'!$D:$D,Sheet5!H$1))*1440*$E6 -> 214800 | I6: =(SUMIFS('2025'!$B:$B,'2025'!$A:$A,Sheet5!$A6,'2025'!$C:$C,"Out",'2025'!$D:$D,Sheet5!I$1)-SUMIFS('2025'!$B:$B,'2025'!$A:$A,Sheet5!$A6,'2025'!$C:$C,"In",'2025'!$D:$D,Sheet5!I$1))*1440*$E6 -> 257340 | J6: =(SUMIFS('2025'!$B:$B,'2025'!$A:$A,Sheet5!$A6,'2025'!$C:$C,"Out",'2025'!$D:$D,Sheet5!J$1)-SUMIFS('2025'!$B:$B,'2025'!$A:$A,Sheet5!$A6,'2025'!$C:$C,"In",'2025'!$D:$D,Sheet5!J$1))*1440*$E6 -> 246600 | K6: =(SUMIFS('2025'!$B:$B,'2025'!$A:$A,Sheet5!$A6,'2025'!$C:$C,"Out",'2025'!$D:$D,Sheet5!K$1)-SUMIFS('2025'!$B:$B,'2025'!$A:$A,Sheet5!$A6,'2025'!$C:$C,"In",'2025'!$D:$D,Sheet5!K$1))*1440*$E6 -> 248895 | L6: =(SUMIFS('2025'!$B:$B,'2025'!$A:$A,Sheet5!$A6,'2025'!$C:$C,"Out",'2025'!$D:$D,Sheet5!L$1)-SUMIFS('2025'!$B:$B,'2025'!$A:$A,Sheet5!$A6,'2025'!$C:$C,"In",'2025'!$D:$D,Sheet5!L$1))*1440*$E6 -> 226350 | M6: =(SUMIFS('2025'!$B:$B,'2025'!$A:$A,Sheet5!$A6,'2025'!$C:$C,"Out",'2025'!$D:$D,Sheet5!M$1)-SUMIFS('2025'!$B:$B,'2025'!$A:$A,Sheet5!$A6,'2025'!$C:$C,"In",'2025'!$D:$D,Sheet5!M$1))*1440*$E6 -> 264045 | N6: =(SUMIFS('2025'!$B:$B,'2025'!$A:$A,Sheet5!$A6,'2025'!$C:$C,"Out",'2025'!$D:$D,Sheet5!N$1)-SUMIFS('2025'!$B:$B,'2025'!$A:$A,Sheet5!$A6,'2025'!$C:$C,"In",'2025'!$D:$D,Sheet5!N$1))*1440*$E6 -> 259395 | ... R6: =(SUMIFS('2025'!$B:$B,'2025'!$A:$A,Sheet5!$A6,'2025'!$C:$C,"Out",'2025'!$D:$D,Sheet5!R$1)-SUMIFS('2025'!$B:$B,'2025'!$A:$A,Sheet5!$A6,'2025'!$C:$C,"In",'2025'!$D:$D,Sheet5!R$1))*1440*$E6 -> 258675
A7: 0748083 | B7: Johan Cruyffturn | C7: Supervisor | D7: Head | E7: 15 | F7: =(SUMIFS('2025'!$B:$B,'2025'!$A:$A,Sheet5!A7,'2025'!$C:$C,"Out")-SUMIFS('2025'!$B:$B,'2025'!$A:$A,Sheet5!A7,'2025'!$C:$C,"In"))*1440*E7 -> 2937555 | G7: =(SUMIFS('2025'!$B:$B,'2025'!$A:$A,Sheet5!$A7,'2025'!$C:$C,"Out",'2025'!$D:$D,Sheet5!G$1)-SUMIFS('2025'!$B:$B,'2025'!$A:$A,Sheet5!$A7,'2025'!$C:$C,"In",'2025'!$D:$D,Sheet5!G$1))*1440*$E7 -> 242835 | H7: =(SUMIFS('2025'!$B:$B,'2025'!$A:$A,Sheet5!$A7,'2025'!$C:$C,"Out",'2025'!$D:$D,Sheet5!H$1)-SUMIFS('2025'!$B:$B,'2025'!$A:$A,Sheet5!$A7,'2025'!$C:$C,"In",'2025'!$D:$D,Sheet5!H$1))*1440*$E7 -> 221085 | I7: =(SUMIFS('2025'!$B:$B,'2025'!$A:$A,Sheet5!$A7,'2025'!$C:$C,"Out",'2025'!$D:$D,Sheet5!I$1)-SUMIFS('2025'!$B:$B,'2025'!$A:$A,Sheet5!$A7,'2025'!$C:$C,"In",'2025'!$D:$D,Sheet5!I$1))*1440*$E7 -> 256470 | J7: =(SUMIFS('2025'!$B:$B,'2025'!$A:$A,Sheet5!$A7,'2025'!$C:$C,"Out",'2025'!$D:$D,Sheet5!J$1)-SUMIFS('2025'!$B:$B,'2025'!$A:$A,Sheet5!$A7,'2025'!$C:$C,"In",'2025'!$D:$D,Sheet5!J$1))*1440*$E7 -> 233610 | K7: =(SUMIFS('2025'!$B:$B,'2025'!$A:$A,Sheet5!$A7,'2025'!$C:$C,"Out",'2025'!$D:$D,Sheet5!K$1)-SUMIFS('2025'!$B:$B,'2025'!$A:$A,Sheet5!$A7,'2025'!$C:$C,"In",'2025'!$D:$D,Sheet5!K$1))*1440*$E7 -> 247500 | L7: =(SUMIFS('2025'!$B:$B,'2025'!$A:$A,Sheet5!$A7,'2025'!$C:$C,"Out",'2025'!$D:$D,Sheet5!L$1)-SUMIFS('2025'!$B:$B,'2025'!$A:$A,Sheet5!$A7,'2025'!$C:$C,"In",'2025'!$D:$D,Sheet5!L$1))*1440*$E7 -> 236640 | M7: =(SUMIFS('2025'!$B:$B,'2025'!$A:$A,Sheet5!$A7,'2025'!$C:$C,"Out",'2025'!$D:$D,Sheet5!M$1)-SUMIFS('2025'!$B:$B,'2025'!$A:$A,Sheet5!$A7,'2025'!$C:$C,"In",'2025'!$D:$D,Sheet5!M$1))*1440*$E7 -> 260445 | N7: =(SUMIFS('2025'!$B:$B,'2025'!$A:$A,Sheet5!$A7,'2025'!$C:$C,"Out",'2025'!$D:$D,Sheet5!N$1)-SUMIFS('2025'!$B:$B,'2025'!$A:$A,Sheet5!$A7,'2025'!$C:$C,"In",'2025'!$D:$D,Sheet5!N$1))*1440*$E7 -> 256260 | ... R7: =(SUMIFS('2025'!$B:$B,'2025'!$A:$A,Sheet5!$A7,'2025'!$C:$C,"Out",'2025'!$D:$D,Sheet5!R$1)-SUMIFS('2025'!$B:$B,'2025'!$A:$A,Sheet5!$A7,'2025'!$C:$C,"In",'2025'!$D:$D,Sheet5!R$1))*1440*$E7 -> 242535
A8: 0673615 | B8: RonaldinLOL | C8: Senior | D8: Kick | E8: 10 | F8: =(SUMIFS('2025'!$B:$B,'2025'!$A:$A,Sheet5!A8,'2025'!$C:$C,"Out")-SUMIFS('2025'!$B:$B,'2025'!$A:$A,Sheet5!A8,'2025'!$C:$C,"In"))*1440*E8 -> 1976820 | G8: =(SUMIFS('2025'!$B:$B,'2025'!$A:$A,Sheet5!$A8,'2025'!$C:$C,"Out",'2025'!$D:$D,Sheet5!G$1)-SUMIFS('2025'!$B:$B,'2025'!$A:$A,Sheet5!$A8,'2025'!$C:$C,"In",'2025'!$D:$D,Sheet5!G$1))*1440*$E8 -> 161160 | H8: =(SUMIFS('2025'!$B:$B,'2025'!$A:$A,Sheet5!$A8,'2025'!$C:$C,"Out",'2025'!$D:$D,Sheet5!H$1)-SUMIFS('2025'!$B:$B,'2025'!$A:$A,Sheet5!$A8,'2025'!$C:$C,"In",'2025'!$D:$D,Sheet5!H$1))*1440*$E8 -> 150710 | I8: =(SUMIFS('2025'!$B:$B,'2025'!$A:$A,Sheet5!$A8,'2025'!$C:$C,"Out",'2025'!$D:$D,Sheet5!I$1)-SUMIFS('2025'!$B:$B,'2025'!$A:$A,Sheet5!$A8,'2025'!$C:$C,"In",'2025'!$D:$D,Sheet5!I$1))*1440*$E8 -> 171370 | J8: =(SUMIFS('2025'!$B:$B,'2025'!$A:$A,Sheet5!$A8,'2025'!$C:$C,"Out",'2025'!$D:$D,Sheet5!J$1)-SUMIFS('2025'!$B:$B,'2025'!$A:$A,Sheet5!$A8,'2025'!$C:$C,"In",'2025'!$D:$D,Sheet5!J$1))*1440*$E8 -> 162150 | K8: =(SUMIFS('2025'!$B:$B,'2025'!$A:$A,Sheet5!$A8,'2025'!$C:$C,"Out",'2025'!$D:$D,Sheet5!K$1)-SUMIFS('2025'!$B:$B,'2025'!$A:$A,Sheet5!$A8,'2025'!$C:$C,"In",'2025'!$D:$D,Sheet5!K$1))*1440*$E8 -> 168420 | L8: =(SUMIFS('2025'!$B:$B,'2025'!$A:$A,Sheet5!$A8,'2025'!$C:$C,"Out",'2025'!$D:$D,Sheet5!L$1)-SUMIFS('2025'!$B:$B,'2025'!$A:$A,Sheet5!$A8,'2025'!$C:$C,"In",'2025'!$D:$D,Sheet5!L$1))*1440*$E8 -> 165740 | M8: =(SUMIFS('2025'!$B:$B,'2025'!$A:$A,Sheet5!$A8,'2025'!$C:$C,"Out",'2025'!$D:$D,Sheet5!M$1)-SUMIFS('2025'!$B:$B,'2025'!$A:$A,Sheet5!$A8,'2025'!$C:$C,"In",'2025'!$D:$D,Sheet5!M$1))*1440*$E8 -> 169620 | N8: =(SUMIFS('2025'!$B:$B,'2025'!$A:$A,Sheet5!$A8,'2025'!$C:$C,"Out",'2025'!$D:$D,Sheet5!N$1)-SUMIFS('2025'!$B:$B,'2025'!$A:$A,Sheet5!$A8,'2025'!$C:$C,"In",'2025'!$D:$D,Sheet5!N$1))*1440*$E8 -> 164920 | ... R8: =(SUMIFS('2025'!$B:$B,'2025'!$A:$A,Sheet5!$A8,'2025'!$C:$C,"Out",'2025'!$D:$D,Sheet5!R$1)-SUMIFS('2025'!$B:$B,'2025'!$A:$A,Sheet5!$A8,'2025'!$C:$C,"In",'2025'!$D:$D,Sheet5!R$1))*1440*$E8 -> 167340
A9: 0193586 | B9: Neymar Junior Mint | C9: Junior | D9: Head | E9: 8 | F9: =(SUMIFS('2025'!$B:$B,'2025'!$A:$A,Sheet5!A9,'2025'!$C:$C,"Out")-SUMIFS('2025'!$B:$B,'2025'!$A:$A,Sheet5!A9,'2025'!$C:$C,"In"))*1440*E9 -> 1573912 | G9: =(SUMIFS('2025'!$B:$B,'2025'!$A:$A,Sheet5!$A9,'2025'!$C:$C,"Out",'2025'!$D:$D,Sheet5!G$1)-SUMIFS('2025'!$B:$B,'2025'!$A:$A,Sheet5!$A9,'2025'!$C:$C,"In",'2025'!$D:$D,Sheet5!G$1))*1440*$E9 -> 133944 | H9: =(SUMIFS('2025'!$B:$B,'2025'!$A:$A,Sheet5!$A9,'2025'!$C:$C,"Out",'2025'!$D:$D,Sheet5!H$1)-SUMIFS('2025'!$B:$B,'2025'!$A:$A,Sheet5!$A9,'2025'!$C:$C,"In",'2025'!$D:$D,Sheet5!H$1))*1440*$E9 -> 125184 | I9: =(SUMIFS('2025'!$B:$B,'2025'!$A:$A,Sheet5!$A9,'2025'!$C:$C,"Out",'2025'!$D:$D,Sheet5!I$1)-SUMIFS('2025'!$B:$B,'2025'!$A:$A,Sheet5!$A9,'2025'!$C:$C,"In",'2025'!$D:$D,Sheet5!I$1))*1440*$E9 -> 135216 | J9: =(SUMIFS('2025'!$B:$B,'2025'!$A:$A,Sheet5!$A9,'2025'!$C:$C,"Out",'2025'!$D:$D,Sheet5!J$1)-SUMIFS('2025'!$B:$B,'2025'!$A:$A,Sheet5!$A9,'2025'!$C:$C,"In",'2025'!$D:$D,Sheet5!J$1))*1440*$E9 -> 132192 | K9: =(SUMIFS('2025'!$B:$B,'2025'!$A:$A,Sheet5!$A9,'2025'!$C:$C,"Out",'2025'!$D:$D,Sheet5!K$1)-SUMIFS('2025'!$B:$B,'2025'!$A:$A,Sheet5!$A9,'2025'!$C:$C,"In",'2025'!$D:$D,Sheet5!K$1))*1440*$E9 -> 131704 | L9: =(SUMIFS('2025'!$B:$B,'2025'!$A:$A,Sheet5!$A9,'2025'!$C:$C,"Out",'2025'!$D:$D,Sheet5!L$1)-SUMIFS('2025'!$B:$B,'2025'!$A:$A,Sheet5!$A9,'2025'!$C:$C,"In",'2025'!$D:$D,Sheet5!L$1))*1440*$E9 -> 130424 | M9: =(SUMIFS('2025'!$B:$B,'2025'!$A:$A,Sheet5!$A9,'2025'!$C:$C,"Out",'2025'!$D:$D,Sheet5!M$1)-SUMIFS('2025'!$B:$B,'2025'!$A:$A,Sheet5!$A9,'2025'!$C:$C,"In",'2025'!$D:$D,Sheet5!M$1))*1440*$E9 -> 136792 | N9: =(SUMIFS('2025'!$B:$B,'2025'!$A:$A,Sheet5!$A9,'2025'!$C:$C,"Out",'2025'!$D:$D,Sheet5!N$1)-SUMIFS('2025'!$B:$B,'2025'!$A:$A,Sheet5!$A9,'2025'!$C:$C,"In",'2025'!$D:$D,Sheet5!N$1))*1440*$E9 -> 129104 | ... R9: =(SUMIFS('2025'!$B:$B,'2025'!$A:$A,Sheet5!$A9,'2025'!$C:$C,"Out",'2025'!$D:$D,Sheet5!R$1)-SUMIFS('2025'!$B:$B,'2025'!$A:$A,Sheet5!$A9,'2025'!$C:$C,"In",'2025'!$D:$D,Sheet5!R$1))*1440*$E9 -> 129776
A10: 0479911 | B10: Kylian Mbappeedal | C10: Junior | D10: Kick | E10: 8 | F10: =(SUMIFS('2025'!$B:$B,'2025'!$A:$A,Sheet5!A10,'2025'!$C:$C,"Out")-SUMIFS('2025'!$B:$B,'2025'!$A:$A,Sheet5!A10,'2025'!$C:$C,"In"))*1440*E10 -> 1567024 | G10: =(SUMIFS('2025'!$B:$B,'2025'!$A:$A,Sheet5!$A10,'2025'!$C:$C,"Out",'2025'!$D:$D,Sheet5!G$1)-SUMIFS('2025'!$B:$B,'2025'!$A:$A,Sheet5!$A10,'2025'!$C:$C,"In",'2025'!$D:$D,Sheet5!G$1))*1440*$E10 -> 136648 | H10: =(SUMIFS('2025'!$B:$B,'2025'!$A:$A,Sheet5!$A10,'2025'!$C:$C,"Out",'2025'!$D:$D,Sheet5!H$1)-SUMIFS('2025'!$B:$B,'2025'!$A:$A,Sheet5!$A10,'2025'!$C:$C,"In",'2025'!$D:$D,Sheet5!H$1))*1440*$E10 -> 118936 | I10: =(SUMIFS('2025'!$B:$B,'2025'!$A:$A,Sheet5!$A10,'2025'!$C:$C,"Out",'2025'!$D:$D,Sheet5!I$1)-SUMIFS('2025'!$B:$B,'2025'!$A:$A,Sheet5!$A10,'2025'!$C:$C,"In",'2025'!$D:$D,Sheet5!I$1))*1440*$E10 -> 135592 | J10: =(SUMIFS('2025'!$B:$B,'2025'!$A:$A,Sheet5!$A10,'2025'!$C:$C,"Out",'2025'!$D:$D,Sheet5!J$1)-SUMIFS('2025'!$B:$B,'2025'!$A:$A,Sheet5!$A10,'2025'!$C:$C,"In",'2025'!$D:$D,Sheet5!J$1))*1440*$E10 -> 136576 | K10: =(SUMIFS('2025'!$B:$B,'2025'!$A:$A,Sheet5!$A10,'2025'!$C:$C,"Out",'2025'!$D:$D,Sheet5!K$1)-SUMIFS('2025'!$B:$B,'2025'!$A:$A,Sheet5!$A10,'2025'!$C:$C,"In",'2025'!$D:$D,Sheet5!K$1))*1440*$E10 -> 133720 | L10: =(SUMIFS('2025'!$B:$B,'2025'!$A:$A,Sheet5!$A10,'2025'!$C:$C,"Out",'2025'!$D:$D,Sheet5!L$1)-SUMIFS('2025'!$B:$B,'2025'!$A:$A,Sheet5!$A10,'2025'!$C:$C,"In",'2025'!$D:$D,Sheet5!L$1))*1440*$E10 -> 123456 | M10: =(SUMIFS('2025'!$B:$B,'2025'!$A:$A,Sheet5!$A10,'2025'!$C:$C,"Out",'2025'!$D:$D,Sheet5!M$1)-SUMIFS('2025'!$B:$B,'2025'!$A:$A,Sheet5!$A10,'2025'!$C:$C,"In",'2025'!$D:$D,Sheet5!M$1))*1440*$E10 -> 126832 | N10: =(SUMIFS('2025'!$B:$B,'2025'!$A:$A,Sheet5!$A10,'2025'!$C:$C,"Out",'2025'!$D:$D,Sheet5!N$1)-SUMIFS('2025'!$B:$B,'2025'!$A:$A,Sheet5!$A10,'2025'!$C:$C,"In",'2025'!$D:$D,Sheet5!N$1))*1440*$E10 -> 129456 | ... R10: =(SUMIFS('2025'!$B:$B,'2025'!$A:$A,Sheet5!$A10,'2025'!$C:$C,"Out",'2025'!$D:$D,Sheet5!R$1)-SUMIFS('2025'!$B:$B,'2025'!$A:$A,Sheet5!$A10,'2025'!$C:$C,"In",'2025'!$D:$D,Sheet5!R$1))*1440*$E10 -> 135568
A11: 0084387 | B11: Erling Haalandy | C11: Junior | D11: Head | E11: 8 | F11: =(SUMIFS('2025'!$B:$B,'2025'!$A:$A,Sheet5!A11,'2025'!$C:$C,"Out")-SUMIFS('2025'!$B:$B,'2025'!$A:$A,Sheet5!A11,'2025'!$C:$C,"In"))*1440*E11 -> 1585808 | G11: =(SUMIFS('2025'!$B:$B,'2025'!$A:$A,Sheet5!$A11,'2025'!$C:$C,"Out",'2025'!$D:$D,Sheet5!G$1)-SUMIFS('2025'!$B:$B,'2025'!$A:$A,Sheet5!$A11,'2025'!$C:$C,"In",'2025'!$D:$D,Sheet5!G$1))*1440*$E11 -> 127504 | H11: =(SUMIFS('2025'!$B:$B,'2025'!$A:$A,Sheet5!$A11,'2025'!$C:$C,"Out",'2025'!$D:$D,Sheet5!H$1)-SUMIFS('2025'!$B:$B,'2025'!$A:$A,Sheet5!$A11,'2025'!$C:$C,"In",'2025'!$D:$D,Sheet5!H$1))*1440*$E11 -> 117736 | I11: =(SUMIFS('2025'!$B:$B,'2025'!$A:$A,Sheet5!$A11,'2025'!$C:$C,"Out",'2025'!$D:$D,Sheet5!I$1)-SUMIFS('2025'!$B:$B,'2025'!$A:$A,Sheet5!$A11,'2025'!$C:$C,"In",'2025'!$D:$D,Sheet5!I$1))*1440*$E11 -> 137616 | J11: =(SUMIFS('2025'!$B:$B,'2025'!$A:$A,Sheet5!$A11,'2025'!$C:$C,"Out",'2025'!$D:$D,Sheet5!J$1)-SUMIFS('2025'!$B:$B,'2025'!$A:$A,Sheet5!$A11,'2025'!$C:$C,"In",'2025'!$D:$D,Sheet5!J$1))*1440*$E11 -> 135144 | K11: =(SUMIFS('2025'!$B:$B,'2025'!$A:$A,Sheet5!$A11,'2025'!$C:$C,"Out",'2025'!$D:$D,Sheet5!K$1)-SUMIFS('2025'!$B:$B,'2025'!$A:$A,Sheet5!$A11,'2025'!$C:$C,"In",'2025'!$D:$D,Sheet5!K$1))*1440*$E11 -> 136632 | L11: =(SUMIFS('2025'!$B:$B,'2025'!$A:$A,Sheet5!$A11,'2025'!$C:$C,"Out",'2025'!$D:$D,Sheet5!L$1)-SUMIFS('2025'!$B:$B,'2025'!$A:$A,Sheet5!$A11,'2025'!$C:$C,"In",'2025'!$D:$D,Sheet5!L$1))*1440*$E11 -> 124496 | M11: =(SUMIFS('2025'!$B:$B,'2025'!$A:$A,Sheet5!$A11,'2025'!$C:$C,"Out",'2025'!$D:$D,Sheet5!M$1)-SUMIFS('2025'!$B:$B,'2025'!$A:$A,Sheet5!$A11,'2025'!$C:$C,"In",'2025'!$D:$D,Sheet5!M$1))*1440*$E11 -> 138440 | N11: =(SUMIFS('2025'!$B:$B,'2025'!$A:$A,Sheet5!$A11,'2025'!$C:$C,"Out",'2025'!$D:$D,Sheet5!N$1)-SUMIFS('2025'!$B:$B,'2025'!$A:$A,Sheet5!$A11,'2025'!$C:$C,"In",'2025'!$D:$D,Sheet5!N$1))*1440*$E11 -> 136304 | ... R11: =(SUMIFS('2025'!$B:$B,'2025'!$A:$A,Sheet5!$A11,'2025'!$C:$C,"Out",'2025'!$D:$D,Sheet5!R$1)-SUMIFS('2025'!$B:$B,'2025'!$A:$A,Sheet5!$A11,'2025'!$C:$C,"In",'2025'!$D:$D,Sheet5!R$1))*1440*$E11 -> 133328
A12: 0416428 | B12: Luka Modrichkid | C12: Senior | D12: Kick | E12: 10 | F12: =(SUMIFS('2025'!$B:$B,'2025'!$A:$A,Sheet5!A12,'2025'!$C:$C,"Out")-SUMIFS('2025'!$B:$B,'2025'!$A:$A,Sheet5!A12,'2025'!$C:$C,"In"))*1440*E12 -> 1975940 | G12: =(SUMIFS('2025'!$B:$B,'2025'!$A:$A,Sheet5!$A12,'2025'!$C:$C,"Out",'2025'!$D:$D,Sheet5!G$1)-SUMIFS('2025'!$B:$B,'2025'!$A:$A,Sheet5!$A12,'2025'!$C:$C,"In",'2025'!$D:$D,Sheet5!G$1))*1440*$E12 -> 173440 | H12: =(SUMIFS('2025'!$B:$B,'2025'!$A:$A,Sheet5!$A12,'2025'!$C:$C,"Out",'2025'!$D:$D,Sheet5!H$1)-SUMIFS('2025'!$B:$B,'2025'!$A:$A,Sheet5!$A12,'2025'!$C:$C,"In",'2025'!$D:$D,Sheet5!H$1))*1440*$E12 -> 153380 | I12: =(SUMIFS('2025'!$B:$B,'2025'!$A:$A,Sheet5!$A12,'2025'!$C:$C,"Out",'2025'!$D:$D,Sheet5!I$1)-SUMIFS('2025'!$B:$B,'2025'!$A:$A,Sheet5!$A12,'2025'!$C:$C,"In",'2025'!$D:$D,Sheet5!I$1))*1440*$E12 -> 173670 | J12: =(SUMIFS('2025'!$B:$B,'2025'!$A:$A,Sheet5!$A12,'2025'!$C:$C,"Out",'2025'!$D:$D,Sheet5!J$1)-SUMIFS('2025'!$B:$B,'2025'!$A:$A,Sheet5!$A12,'2025'!$C:$C,"In",'2025'!$D:$D,Sheet5!J$1))*1440*$E12 -> 158300 | K12: =(SUMIFS('2025'!$B:$B,'2025'!$A:$A,Sheet5!$A12,'2025'!$C:$C,"Out",'2025'!$D:$D,Sheet5!K$1)-SUMIFS('2025'!$B:$B,'2025'!$A:$A,Sheet5!$A12,'2025'!$C:$C,"In",'2025'!$D:$D,Sheet5!K$1))*1440*$E12 -> 163130 | L12: =(SUMIFS('2025'!$B:$B,'2025'!$A:$A,Sheet5!$A12,'2025'!$C:$C,"Out",'2025'!$D:$D,Sheet5!L$1)-SUMIFS('2025'!$B:$B,'2025'!$A:$A,Sheet5!$A12,'2025'!$C:$C,"In",'2025'!$D:$D,Sheet5!L$1))*1440*$E12 -> 158310 | M12: =(SUMIFS('2025'!$B:$B,'2025'!$A:$A,Sheet5!$A12,'2025'!$C:$C,"Out",'2025'!$D:$D,Sheet5!M$1)-SUMIFS('2025'!$B:$B,'2025'!$A:$A,Sheet5!$A12,'2025'!$C:$C,"In",'2025'!$D:$D,Sheet5!M$1))*1440*$E12 -> 171660 | N12: =(SUMIFS('2025'!$B:$B,'2025'!$A:$A,Sheet5!$A12,'2025'!$C:$C,"Out",'2025'!$D:$D,Sheet5!N$1)-SUMIFS('2025'!$B:$B,'2025'!$A:$A,Sheet5!$A12,'2025'!$C:$C,"In",'2025'!$D:$D,Sheet5!N$1))*1440*$E12 -> 164920 | ... R12: =(SUMIFS('2025'!$B:$B,'2025'!$A:$A,Sheet5!$A12,'2025'!$C:$C,"Out",'2025'!$D:$D,Sheet5!R$1)-SUMIFS('2025'!$B:$B,'2025'!$A:$A,Sheet5!$A12,'2025'!$C:$C,"In",'2025'!$D:$D,Sheet5!R$1))*1440*$E12 -> 164520
A13: 0511122 | B13: David Beckhamburger | C13: Senior | D13: Head | E13: 10 | F13: =(SUMIFS('2025'!$B:$B,'2025'!$A:$A,Sheet5!A13,'2025'!$C:$C,"Out")-SUMIFS('2025'!$B:$B,'2025'!$A:$A,Sheet5!A13,'2025'!$C:$C,"In"))*1440*E13 -> 1956040 | G13: =(SUMIFS('2025'!$B:$B,'2025'!$A:$A,Sheet5!$A13,'2025'!$C:$C,"Out",'2025'!$D:$D,Sheet5!G$1)-SUMIFS('2025'!$B:$B,'2025'!$A:$A,Sheet5!$A13,'2025'!$C:$C,"In",'2025'!$D:$D,Sheet5!G$1))*1440*$E13 -> 161460 | H13: =(SUMIFS('2025'!$B:$B,'2025'!$A:$A,Sheet5!$A13,'2025'!$C:$C,"Out",'2025'!$D:$D,Sheet5!H$1)-SUMIFS('2025'!$B:$B,'2025'!$A:$A,Sheet5!$A13,'2025'!$C:$C,"In",'2025'!$D:$D,Sheet5!H$1))*1440*$E13 -> 150020 | I13: =(SUMIFS('2025'!$B:$B,'2025'!$A:$A,Sheet5!$A13,'2025'!$C:$C,"Out",'2025'!$D:$D,Sheet5!I$1)-SUMIFS('2025'!$B:$B,'2025'!$A:$A,Sheet5!$A13,'2025'!$C:$C,"In",'2025'!$D:$D,Sheet5!I$1))*1440*$E13 -> 167610 | J13: =(SUMIFS('2025'!$B:$B,'2025'!$A:$A,Sheet5!$A13,'2025'!$C:$C,"Out",'2025'!$D:$D,Sheet5!J$1)-SUMIFS('2025'!$B:$B,'2025'!$A:$A,Sheet5!$A13,'2025'!$C:$C,"In",'2025'!$D:$D,Sheet5!J$1))*1440*$E13 -> 150820 | K13: =(SUMIFS('2025'!$B:$B,'2025'!$A:$A,Sheet5!$A13,'2025'!$C:$C,"Out",'2025'!$D:$D,Sheet5!K$1)-SUMIFS('2025'!$B:$B,'2025'!$A:$A,Sheet5!$A13,'2025'!$C:$C,"In",'2025'!$D:$D,Sheet5!K$1))*1440*$E13 -> 167390 | L13: =(SUMIFS('2025'!$B:$B,'2025'!$A:$A,Sheet5!$A13,'2025'!$C:$C,"Out",'2025'!$D:$D,Sheet5!L$1)-SUMIFS('2025'!$B:$B,'2025'!$A:$A,Sheet5!$A13,'2025'!$C:$C,"In",'2025'!$D:$D,Sheet5!L$1))*1440*$E13 -> 167170 | M13: =(SUMIFS('2025'!$B:$B,'2025'!$A:$A,Sheet5!$A13,'2025'!$C:$C,"Out",'2025'!$D:$D,Sheet5!M$1)-SUMIFS('2025'!$B:$B,'2025'!$A:$A,Sheet5!$A13,'2025'!$C:$C,"In",'2025'!$D:$D,Sheet5!M$1))*1440*$E13 -> 166290 | N13: =(SUMIFS('2025'!$B:$B,'2025'!$A:$A,Sheet5!$A13,'2025'!$C:$C,"Out",'2025'!$D:$D,Sheet5!N$1)-SUMIFS('2025'!$B:$B,'2025'!$A:$A,Sheet5!$A13,'2025'!$C:$C,"In",'2025'!$D:$D,Sheet5!N$1))*1440*$E13 -> 162650 | ... R13: =(SUMIFS('2025'!$B:$B,'2025'!$A:$A,Sheet5!$A13,'2025'!$C:$C,"Out",'2025'!$D:$D,Sheet5!R$1)-SUMIFS('2025'!$B:$B,'2025'!$A:$A,Sheet5!$A13,'2025'!$C:$C,"In",'2025'!$D:$D,Sheet5!R$1))*1440*$E13 -> 165110
... A16: 0884652 | B16: Paolo Maldreamy | C16: Senior | D16: Kick | E16: 10 | F16: =(SUMIFS('2025'!$B:$B,'2025'!$A:$A,Sheet5!A16,'2025'!$C:$C,"Out")-SUMIFS('2025'!$B:$B,'2025'!$A:$A,Sheet5!A16,'2025'!$C:$C,"In"))*1440*E16 -> 1975210 | G16: =(SUMIFS('2025'!$B:$B,'2025'!$A:$A,Sheet5!$A16,'2025'!$C:$C,"Out",'2025'!$D:$D,Sheet5!G$1)-SUMIFS('2025'!$B:$B,'2025'!$A:$A,Sheet5!$A16,'2025'!$C:$C,"In",'2025'!$D:$D,Sheet5!G$1))*1440*$E16 -> 162920 | H16: =(SUMIFS('2025'!$B:$B,'2025'!$A:$A,Sheet5!$A16,'2025'!$C:$C,"Out",'2025'!$D:$D,Sheet5!H$1)-SUMIFS('2025'!$B:$B,'2025'!$A:$A,Sheet5!$A16,'2025'!$C:$C,"In",'2025'!$D:$D,Sheet5!H$1))*1440*$E16 -> 150640 | I16: =(SUMIFS('2025'!$B:$B,'2025'!$A:$A,Sheet5!$A16,'2025'!$C:$C,"Out",'2025'!$D:$D,Sheet5!I$1)-SUMIFS('2025'!$B:$B,'2025'!$A:$A,Sheet5!$A16,'2025'!$C:$C,"In",'2025'!$D:$D,Sheet5!I$1))*1440*$E16 -> 166420 | J16: =(SUMIFS('2025'!$B:$B,'2025'!$A:$A,Sheet5!$A16,'2025'!$C:$C,"Out",'2025'!$D:$D,Sheet5!J$1)-SUMIFS('2025'!$B:$B,'2025'!$A:$A,Sheet5!$A16,'2025'!$C:$C,"In",'2025'!$D:$D,Sheet5!J$1))*1440*$E16 -> 164830 | K16: =(SUMIFS('2025'!$B:$B,'2025'!$A:$A,Sheet5!$A16,'2025'!$C:$C,"Out",'2025'!$D:$D,Sheet5!K$1)-SUMIFS('2025'!$B:$B,'2025'!$A:$A,Sheet5!$A16,'2025'!$C:$C,"In",'2025'!$D:$D,Sheet5!K$1))*1440*$E16 -> 172840 | L16: =(SUMIFS('2025'!$B:$B,'2025'!$A:$A,Sheet5!$A16,'2025'!$C:$C,"Out",'2025'!$D:$D,Sheet5!L$1)-SUMIFS('2025'!$B:$B,'2025'!$A:$A,Sheet5!$A16,'2025'!$C:$C,"In",'2025'!$D:$D,Sheet5!L$1))*1440*$E16 -> 163660 | M16: =(SUMIFS('2025'!$B:$B,'2025'!$A:$A,Sheet5!$A16,'2025'!$C:$C,"Out",'2025'!$D:$D,Sheet5!M$1)-SUMIFS('2025'!$B:$B,'2025'!$A:$A,Sheet5!$A16,'2025'!$C:$C,"In",'2025'!$D:$D,Sheet5!M$1))*1440*$E16 -> 167240 | N16: =(SUMIFS('2025'!$B:$B,'2025'!$A:$A,Sheet5!$A16,'2025'!$C:$C,"Out",'2025'!$D:$D,Sheet5!N$1)-SUMIFS('2025'!$B:$B,'2025'!$A:$A,Sheet5!$A16,'2025'!$C:$C,"In",'2025'!$D:$D,Sheet5!N$1))*1440*$E16 -> 169850 | ... R16: =(SUMIFS('2025'!$B:$B,'2025'!$A:$A,Sheet5!$A16,'2025'!$C:$C,"Out",'2025'!$D:$D,Sheet5!R$1)-SUMIFS('2025'!$B:$B,'2025'!$A:$A,Sheet5!$A16,'2025'!$C:$C,"In",'2025'!$D:$D,Sheet5!R$1))*1440*$E16 -> 168610
F17: =SUM(F2:F16) -> 36294099 | G17: =SUM(G2:G16) -> 3069091 | H17: =SUM(H2:H16) -> 2735491 | I17: =SUM(I2:I16) -> 3114464 | J17: =SUM(J2:J16) -> 2982687 | K17: =SUM(K2:K16) -> 3096831 | L17: =SUM(L2:L16) -> 2966496 | M17: =SUM(M2:M16) -> 3133899 | ... R17: =SUM(R2:R16) -> 3073307

Sheet presensi
A1: ID | B1: Name | C1: Date | D1: Minutes
A2: 0185217 | B2: Lionel Messy | C2: 45658 | D2: 603
A3: 0804447 | B3: Cristiano Rollaldo | C3: 45658 | D3: 559
A4: 0813432 | B4: Pele Kickson | C4: 45658 | D4: 507
A5: 0055024 | B5: Diego Armando Maradohnut | C5: 45658 | D5: 388
A6: 0078657 | B6: Zinedine Zizouzoom | C6: 45658 | D6: 641
A7: 0748083 | B7: Johan Cruyffturn | C7: 45658 | D7: 398
A8: 0673615 | B8: RonaldinLOL | C8: 45658 | D8: 647
A9: 0193586 | B9: Neymar Junior Mint | C9: 45658 | D9: 621
A10: 0185217 | B10: Lionel Messy | C10: 45659 | D10: 467
A11: 0804447 | B11: Cristiano Rollaldo | C11: 45659 | D11: 661
A12: 0813432 | B12: Pele Kickson | C12: 45659 | D12: 502
A13: 0055024 | B13: Diego Armando Maradohnut | C13: 45659 | D13: 456
... A41: 0193586 | B41: Neymar Junior Mint | C41: 45662 | D41: 499

Sheet jan67
A1: ID | B1: Datetime | C1: Status | D1: tgl | E1: jam | F1: menit | G1: jml menit | H1: SELISIH | I1: RATE | J1: WAGE
A2: 0055024 | B2: 45663.34 | C2: In | D2: =DAY(B2) -> 6 | E2: =HOUR(B2) -> 8 | F2: =MINUTE(B2) -> 9 | G2: =E2*60+F2 -> 489 | H2: 0 | I2: =_xlfn.XLOOKUP(A2,EMPLOYEE!A:A,EMPLOYEE!E:E) -> 15 | J2: =I2*H2 -> 0
A3: 0055024 | B3: 45663.739 | C3: Out | D3: =DAY(B3) -> 6 | E3: =HOUR(B3) -> 17 | F3: =MINUTE(B3) -> 44 | G3: =E3*60+F3 -> 1064 | H3: =IF(G3-G2>0,G3-G2,0) -> 575 | I3: =_xlfn.XLOOKUP(A3,EMPLOYEE!A:A,EMPLOYEE!E:E) -> 15 | J3: =I3*H3 -> 8625 | L3: Row Labels | M3: Sum of WAGE
A4: 0055024 | B4: 45664.397 | C4: In | D4: =DAY(B4) -> 7 | E4: =HOUR(B4) -> 9 | F4: =MINUTE(B4) -> 32 | G4: =E4*60+F4 -> 572 | H4: =IF(G4-G3>0,G4-G3,0) -> 0 | I4: =_xlfn.XLOOKUP(A4,EMPLOYEE!A:A,EMPLOYEE!E:E) -> 15 | J4: =I4*H4 -> 0 | L4: 0055024 | M4: 14985
A5: 0055024 | B5: 45664.692 | C5: Out | D5: =DAY(B5) -> 7 | E5: =HOUR(B5) -> 16 | F5: =MINUTE(B5) -> 36 | G5: =E5*60+F5 -> 996 | H5: =IF(G5-G4>0,G5-G4,0) -> 424 | I5: =_xlfn.XLOOKUP(A5,EMPLOYEE!A:A,EMPLOYEE!E:E) -> 15 | J5: =I5*H5 -> 6360 | L5: 0078657 | M5: 14865
A6: 0078657 | B6: 45663.358 | C6: In | D6: =DAY(B6) -> 6 | E6: =HOUR(B6) -> 8 | F6: =MINUTE(B6) -> 35 | G6: =E6*60+F6 -> 515 | H6: =IF(G6-G5>0,G6-G5,0) -> 0 | I6: =_xlfn.XLOOKUP(A6,EMPLOYEE!A:A,EMPLOYEE!E:E) -> 15 | J6: =I6*H6 -> 0 | L6: 0185217 | M6: 17360
A7: 0078657 | B7: 45663.738 | C7: Out | D7: =DAY(B7) -> 6 | E7: =HOUR(B7) -> 17 | F7: =MINUTE(B7) -> 43 | G7: =E7*60+F7 -> 1063 | H7: =IF(G7-G6>0,G7-G6,0) -> 548 | I7: =_xlfn.XLOOKUP(A7,EMPLOYEE!A:A,EMPLOYEE!E:E) -> 15 | J7: =I7*H7 -> 8220 | L7: 0193586 | M7: 8288
A8: 0078657 | B8: 45664.416 | C8: In | D8: =DAY(B8) -> 7 | E8: =HOUR(B8) -> 9 | F8: =MINUTE(B8) -> 59 | G8: =E8*60+F8 -> 599 | H8: =IF(G8-G7>0,G8-G7,0) -> 0 | I8: =_xlfn.XLOOKUP(A8,EMPLOYEE!A:A,EMPLOYEE!E:E) -> 15 | J8: =I8*H8 -> 0 | L8: 0673615 | M8: 9450
A9: 0078657 | B9: 45664.724 | C9: Out | D9: =DAY(B9) -> 7 | E9: =HOUR(B9) -> 17 | F9: =MINUTE(B9) -> 22 | G9: =E9*60+F9 -> 1042 | H9: =IF(G9-G8>0,G9-G8,0) -> 443 | I9: =_xlfn.XLOOKUP(A9,EMPLOYEE!A:A,EMPLOYEE!E:E) -> 15 | J9: =I9*H9 -> 6645 | L9: 0748083 | M9: 15660
A10: 0185217 | B10: 45663.415 | C10: In | D10: =DAY(B10) -> 6 | E10: =HOUR(B10) -> 9 | F10: =MINUTE(B10) -> 57 | G10: =E10*60+F10 -> 597 | H10: =IF(G10-G9>0,G10-G9,0) -> 0 | I10: =_xlfn.XLOOKUP(A10,EMPLOYEE!A:A,EMPLOYEE!E:E) -> 20 | J10: =I10*H10 -> 0 | L10: 0804447 | M10: 21920
A11: 0185217 | B11: 45663.684 | C11: Out | D11: =DAY(B11) -> 6 | E11: =HOUR(B11) -> 16 | F11: =MINUTE(B11) -> 25 | G11: =E11*60+F11 -> 985 | H11: =IF(G11-G10>0,G11-G10,0) -> 388 | I11: =_xlfn.XLOOKUP(A11,EMPLOYEE!A:A,EMPLOYEE!E:E) -> 20 | J11: =I11*H11 -> 7760 | L11: 0813432 | M11: 18405
A12: 0185217 | B12: 45664.36 | C12: In | D12: =DAY(B12) -> 7 | E12: =HOUR(B12) -> 8 | F12: =MINUTE(B12) -> 39 | G12: =E12*60+F12 -> 519 | H12: =IF(G12-G11>0,G12-G11,0) -> 0 | I12: =_xlfn.XLOOKUP(A12,EMPLOYEE!A:A,EMPLOYEE!E:E) -> 20 | J12: =I12*H12 -> 0 | L12: Grand Total | M12: 120933
A13: 0185217 | B13: 45664.694 | C13: Out | D13: =DAY(B13) -> 7 | E13: =HOUR(B13) -> 16 | F13: =MINUTE(B13) -> 39 | G13: =E13*60+F13 -> 999 | H13: =IF(G13-G12>0,G13-G12,0) -> 480 | I13: =_xlfn.XLOOKUP(A13,EMPLOYEE!A:A,EMPLOYEE!E:E) -> 20 | J13: =I13*H13 -> 9600
A14: 0193586 | B14: 45663.362 | C14: In | D14: =DAY(B14) -> 6 | E14: =HOUR(B14) -> 8 | F14: =MINUTE(B14) -> 41 | G14: =E14*60+F14 -> 521 | H14: =IF(G14-G13>0,G14-G13,0) -> 0 | I14: =_xlfn.XLOOKUP(A14,EMPLOYEE!A:A,EMPLOYEE!E:E) -> 8 | J14: =I14*H14 -> 0
A15: 0193586 | B15: 45663.741 | C15: Out | D15: =DAY(B15) -> 6 | E15: =HOUR(B15) -> 17 | F15: =MINUTE(B15) -> 47 | G15: =E15*60+F15 -> 1067 | H15: =IF(G15-G14>0,G15-G14,0) -> 546 | I15: =_xlfn.XLOOKUP(A15,EMPLOYEE!A:A,EMPLOYEE!E:E) -> 8 | J15: =I15*H15 -> 4368
A16: 0193586 | B16: 45664.367 | C16: In | D16: =DAY(B16) -> 7 | E16: =HOUR(B16) -> 8 | F16: =MINUTE(B16) -> 48 | G16: =E16*60+F16 -> 528 | H16: =IF(G16-G15>0,G16-G15,0) -> 0 | I16: =_xlfn.XLOOKUP(A16,EMPLOYEE!A:A,EMPLOYEE!E:E) -> 8 | J16: =I16*H16 -> 0
A17: 0193586 | B17: 45664.707 | C17: Out | D17: =DAY(B17) -> 7 | E17: =HOUR(B17) -> 16 | F17: =MINUTE(B17) -> 58 | G17: =E17*60+F17 -> 1018 | H17: =IF(G17-G16>0,G17-G16,0) -> 490 | I17: =_xlfn.XLOOKUP(A17,EMPLOYEE!A:A,EMPLOYEE!E:E) -> 8 | J17: =I17*H17 -> 3920
A18: 0673615 | B18: 45663.394 | C18: In | D18: =DAY(B18) -> 6 | E18: =HOUR(B18) -> 9 | F18: =MINUTE(B18) -> 28 | G18: =E18*60+F18 -> 568 | H18: =IF(G18-G17>0,G18-G17,0) -> 0 | I18: =_xlfn.XLOOKUP(A18,EMPLOYEE!A:A,EMPLOYEE!E:E) -> 10 | J18: =I18*H18 -> 0
A19: 0673615 | B19: 45663.742 | C19: Out | D19: =DAY(B19) -> 6 | E19: =HOUR(B19) -> 17 | F19: =MINUTE(B19) -> 48 | G19: =E19*60+F19 -> 1068 | H19: =IF(G19-G18>0,G19-G18,0) -> 500 | I19: =_xlfn.XLOOKUP(A19,EMPLOYEE!A:A,EMPLOYEE!E:E) -> 10 | J19: =I19*H19 -> 5000
A20: 0673615 | B20: 45664.405 | C20: In | D20: =DAY(B20) -> 7 | E20: =HOUR(B20) -> 9 | F20: =MINUTE(B20) -> 43 | G20: =E20*60+F20 -> 583 | H20: =IF(G20-G19>0,G20-G19,0) -> 0 | I20: =_xlfn.XLOOKUP(A20,EMPLOYEE!A:A,EMPLOYEE!E:E) -> 10 | J20: =I20*H20 -> 0
A21: 0673615 | B21: 45664.714 | C21: Out | D21: =DAY(B21) -> 7 | E21: =HOUR(B21) -> 17 | F21: =MINUTE(B21) -> 8 | G21: =E21*60+F21 -> 1028 | H21: =IF(G21-G20>0,G21-G20,0) -> 445 | I21: =_xlfn.XLOOKUP(A21,EMPLOYEE!A:A,EMPLOYEE!E:E) -> 10 | J21: =I21*H21 -> 4450
A22: 0748083 | B22: 45663.349 | C22: In | D22: =DAY(B22) -> 6 | E22: =HOUR(B22) -> 8 | F22: =MINUTE(B22) -> 22 | G22: =E22*60+F22 -> 502 | H22: =IF(G22-G21>0,G22-G21,0) -> 0 | I22: =_xlfn.XLOOKUP(A22,EMPLOYEE!A:A,EMPLOYEE!E:E) -> 15 | J22: =I22*H22 -> 0
A23: 0748083 | B23: 45663.677 | C23: Out | D23: =DAY(B23) -> 6 | E23: =HOUR(B23) -> 16 | F23: =MINUTE(B23) -> 15 | G23: =E23*60+F23 -> 975 | H23: =IF(G23-G22>0,G23-G22,0) -> 473 | I23: =_xlfn.XLOOKUP(A23,EMPLOYEE!A:A,EMPLOYEE!E:E) -> 15 | J23: =I23*H23 -> 7095
A24: 0748083 | B24: 45664.336 | C24: In | D24: =DAY(B24) -> 7 | E24: =HOUR(B24) -> 8 | F24: =MINUTE(B24) -> 4 | G24: =E24*60+F24 -> 484 | H24: =IF(G24-G23>0,G24-G23,0) -> 0 | I24: =_xlfn.XLOOKUP(A24,EMPLOYEE!A:A,EMPLOYEE!E:E) -> 15 | J24: =I24*H24 -> 0
... A33: 0813432 | B33: 45664.781 | C33: Out | D33: =DAY(B33) -> 7 | E33: =HOUR(B33) -> 18 | F33: =MINUTE(B33) -> 44 | G33: =E33*60+F33 -> 1124 | H33: =IF(G33-G32>0,G33-G32,0) -> 650 | I33: =_xlfn.XLOOKUP(A33,EMPLOYEE!A:A,EMPLOYEE!E:E) -> 15 | J33: =I33*H33 -> 9750

Sheet 2025
A1: ID | B1: Datetime | C1: Status | D1: month
A2: 0185217 | B2: 45658.333 | C2: In | D2: =MONTH(B2) -> 1 | E2: =B2 -> 45658.333
A3: 0185217 | B3: 45658.752 | C3: Out | D3: =MONTH(B3) -> 1 | E3: =B3 -> 45658.752 | F3: =E3-E2 -> 0.41875
A4: 0804447 | B4: 45658.341 | C4: In | D4: =MONTH(B4) -> 1
A5: 0804447 | B5: 45658.729 | C5: Out | D5: =MONTH(B5) -> 1
A6: 0813432 | B6: 45658.338 | C6: In | D6: =MONTH(B6) -> 1
A7: 0813432 | B7: 45658.69 | C7: Out | D7: =MONTH(B7) -> 1
A8: 0055024 | B8: 45658.412 | C8: In | D8: =MONTH(B8) -> 1
A9: 0055024 | B9: 45658.682 | C9: Out | D9: =MONTH(B9) -> 1
A10: 0078657 | B10: 45658.337 | C10: In | D10: =MONTH(B10) -> 1
A11: 0078657 | B11: 45658.782 | C11: Out | D11: =MONTH(B11) -> 1
A12: 0748083 | B12: 45658.413 | C12: In | D12: =MONTH(B12) -> 1
A13: 0748083 | B13: 45658.69 | C13: Out | D13: =MONTH(B13) -> 1
A14: 0673615 | B14: 45658.31 | C14: In | D14: =MONTH(B14) -> 1
A15: 0673615 | B15: 45658.759 | C15: Out | D15: =MONTH(B15) -> 1
... A10951: 0884652 | B10951: 46022.714 | C10951: Out | D10951: =MONTH(B10951) -> 12
