Workbook

Sheet INVENTORY
A1: ISBN | B1: Title | C1: Price | D1: Sarah | E1: Irfan
A2: 0644057805786 | B2: Tafsir Al-Quran Juz Amma | C2: 100000 | D2: {=IF(MOD(SUMPRODUCT(MID(A2,ROW(INDIRECT("1:12")),1)*IF(MOD(ROW(INDIRECT("1:12")),2)=1,1,3)),10)=0, IF(RIGHT(A2,1)="0","Valid","Invalid"), IF(10-MOD(SUMPRODUCT(MID(A2,ROW(INDIRECT("1:12")),1)*IF(MOD(ROW(INDIRECT("1:12")),2)=1,1,3)),10)=VALUE(RIGHT(A2,1)),"Valid","Invalid"))} -> Invalid | E2: =MOD(SUM(F2:Q2),10) -> 6 | F2: =MID($A2,F$16,1)*F$17 -> 0 | G2: =MID($A2,G$16,1)*G$17 -> 18 | H2: =MID($A2,H$16,1)*H$17 -> 4 | I2: =MID($A2,I$16,1)*I$17 -> 12 | J2: =MID($A2,J$16,1)*J$17 -> 0 | K2: =MID($A2,K$16,1)*K$17 -> 15 | L2: =MID($A2,L$16,1)*L$17 -> 7 | M2: =MID($A2,M$16,1)*M$17 -> 24 | ... Q2: =MID($A2,Q$16,1)*Q$17 -> 24
A3: 0633015501556 | B3: Buku Saku Pramuka Lengkap | C3: 120000 | D3: {=IF(MOD(SUMPRODUCT(MID(A3,ROW(INDIRECT("1:12")),1)*IF(MOD(ROW(INDIRECT("1:12")),2)=1,1,3)),10)=0, IF(RIGHT(A3,1)="0","Valid","Invalid"), IF(10-MOD(SUMPRODUCT(MID(A3,ROW(INDIRECT("1:12")),1)*IF(MOD(ROW(INDIRECT("1:12")),2)=1,1,3)),10)=VALUE(RIGHT(A3,1)),"Valid","Invalid"))} -> Invalid | E3: =MOD(SUM(F3:Q3),10) -> 6 | F3: =MID($A3,F$16,1)*F$17 -> 0 | G3: =MID($A3,G$16,1)*G$17 -> 18 | H3: =MID($A3,H$16,1)*H$17 -> 3 | I3: =MID($A3,I$16,1)*I$17 -> 9 | J3: =MID($A3,J$16,1)*J$17 -> 0 | K3: =MID($A3,K$16,1)*K$17 -> 3 | L3: =MID($A3,L$16,1)*L$17 -> 5 | M3: =MID($A3,M$16,1)*M$17 -> 15 | ... Q3: =MID($A3,Q$16,1)*Q$17 -> 15
A4: 0730075107512 | B4: Strategi Catur untuk Pemula | C4: 60000 | D4: {=IF(MOD(SUMPRODUCT(MID(A4,ROW(INDIRECT("1:12")),1)*IF(MOD(ROW(INDIRECT("1:12")),2)=1,1,3)),10)=0, IF(RIGHT(A4,1)="0","Valid","Invalid"), IF(10-MOD(SUMPRODUCT(MID(A4,ROW(INDIRECT("1:12")),1)*IF(MOD(ROW(INDIRECT("1:12")),2)=1,1,3)),10)=VALUE(RIGHT(A4,1)),"Valid","Invalid"))} -> Invalid | E4: =MOD(SUM(F4:Q4),10) -> 2 | F4: =MID($A4,F$16,1)*F$17 -> 0 | G4: =MID($A4,G$16,1)*G$17 -> 21 | H4: =MID($A4,H$16,1)*H$17 -> 3 | I4: =MID($A4,I$16,1)*I$17 -> 0 | J4: =MID($A4,J$16,1)*J$17 -> 0 | K4: =MID($A4,K$16,1)*K$17 -> 21 | L4: =MID($A4,L$16,1)*L$17 -> 5 | M4: =MID($A4,M$16,1)*M$17 -> 3 | ... Q4: =MID($A4,Q$16,1)*Q$17 -> 3
A5: 0691000100016 | B5: Berani Tidak Disukai | C5: 30000 | D5: {=IF(MOD(SUMPRODUCT(MID(A5,ROW(INDIRECT("1:12")),1)*IF(MOD(ROW(INDIRECT("1:12")),2)=1,1,3)),10)=0, IF(RIGHT(A5,1)="0","Valid","Invalid"), IF(10-MOD(SUMPRODUCT(MID(A5,ROW(INDIRECT("1:12")),1)*IF(MOD(ROW(INDIRECT("1:12")),2)=1,1,3)),10)=VALUE(RIGHT(A5,1)),"Valid","Invalid"))} -> Invalid | E5: =MOD(SUM(F5:Q5),10) -> 6 | F5: =MID($A5,F$16,1)*F$17 -> 0 | G5: =MID($A5,G$16,1)*G$17 -> 18 | H5: =MID($A5,H$16,1)*H$17 -> 9 | I5: =MID($A5,I$16,1)*I$17 -> 3 | J5: =MID($A5,J$16,1)*J$17 -> 0 | K5: =MID($A5,K$16,1)*K$17 -> 0 | L5: =MID($A5,L$16,1)*L$17 -> 0 | M5: =MID($A5,M$16,1)*M$17 -> 3 | ... Q5: =MID($A5,Q$16,1)*Q$17 -> 3
A6: 0818047804785 | B6: Manajemen Konflik dalam Organisasi | C6: 110000 | D6: {=IF(MOD(SUMPRODUCT(MID(A6,ROW(INDIRECT("1:12")),1)*IF(MOD(ROW(INDIRECT("1:12")),2)=1,1,3)),10)=0, IF(RIGHT(A6,1)="0","Valid","Invalid"), IF(10-MOD(SUMPRODUCT(MID(A6,ROW(INDIRECT("1:12")),1)*IF(MOD(ROW(INDIRECT("1:12")),2)=1,1,3)),10)=VALUE(RIGHT(A6,1)),"Valid","Invalid"))} -> Valid | E6: =MOD(SUM(F6:Q6),10) -> 5 | F6: =MID($A6,F$16,1)*F$17 -> 0 | G6: =MID($A6,G$16,1)*G$17 -> 24 | H6: =MID($A6,H$16,1)*H$17 -> 1 | I6: =MID($A6,I$16,1)*I$17 -> 24 | J6: =MID($A6,J$16,1)*J$17 -> 0 | K6: =MID($A6,K$16,1)*K$17 -> 12 | L6: =MID($A6,L$16,1)*L$17 -> 7 | M6: =MID($A6,M$16,1)*M$17 -> 24 | ... Q6: =MID($A6,Q$16,1)*Q$17 -> 24
A7: 0059030803088 | B7: COBIT 2019: A Framework Overview | C7: 90000 | D7: {=IF(MOD(SUMPRODUCT(MID(A7,ROW(INDIRECT("1:12")),1)*IF(MOD(ROW(INDIRECT("1:12")),2)=1,1,3)),10)=0, IF(RIGHT(A7,1)="0","Valid","Invalid"), IF(10-MOD(SUMPRODUCT(MID(A7,ROW(INDIRECT("1:12")),1)*IF(MOD(ROW(INDIRECT("1:12")),2)=1,1,3)),10)=VALUE(RIGHT(A7,1)),"Valid","Invalid"))} -> Invalid | E7: =MOD(SUM(F7:Q7),10) -> 8 | F7: =MID($A7,F$16,1)*F$17 -> 0 | G7: =MID($A7,G$16,1)*G$17 -> 0 | H7: =MID($A7,H$16,1)*H$17 -> 5 | I7: =MID($A7,I$16,1)*I$17 -> 27 | J7: =MID($A7,J$16,1)*J$17 -> 0 | K7: =MID($A7,K$16,1)*K$17 -> 9 | L7: =MID($A7,L$16,1)*L$17 -> 0 | M7: =MID($A7,M$16,1)*M$17 -> 24 | ... Q7: =MID($A7,Q$16,1)*Q$17 -> 24
A8: 0025009700977 | B8: Novel: Cantik Itu Luka | C8: 100000 | D8: {=IF(MOD(SUMPRODUCT(MID(A8,ROW(INDIRECT("1:12")),1)*IF(MOD(ROW(INDIRECT("1:12")),2)=1,1,3)),10)=0, IF(RIGHT(A8,1)="0","Valid","Invalid"), IF(10-MOD(SUMPRODUCT(MID(A8,ROW(INDIRECT("1:12")),1)*IF(MOD(ROW(INDIRECT("1:12")),2)=1,1,3)),10)=VALUE(RIGHT(A8,1)),"Valid","Invalid"))} -> Invalid | E8: =MOD(SUM(F8:Q8),10) -> 7 | F8: =MID($A8,F$16,1)*F$17 -> 0 | G8: =MID($A8,G$16,1)*G$17 -> 0 | H8: =MID($A8,H$16,1)*H$17 -> 2 | I8: =MID($A8,I$16,1)*I$17 -> 15 | J8: =MID($A8,J$16,1)*J$17 -> 0 | K8: =MID($A8,K$16,1)*K$17 -> 0 | L8: =MID($A8,L$16,1)*L$17 -> 9 | M8: =MID($A8,M$16,1)*M$17 -> 21 | ... Q8: =MID($A8,Q$16,1)*Q$17 -> 21
A9: 0417077107716 | B9: Sukses Beternak Ayam Kampung | C9: 40000 | D9: {=IF(MOD(SUMPRODUCT(MID(A9,ROW(INDIRECT("1:12")),1)*IF(MOD(ROW(INDIRECT("1:12")),2)=1,1,3)),10)=0, IF(RIGHT(A9,1)="0","Valid","Invalid"), IF(10-MOD(SUMPRODUCT(MID(A9,ROW(INDIRECT("1:12")),1)*IF(MOD(ROW(INDIRECT("1:12")),2)=1,1,3)),10)=VALUE(RIGHT(A9,1)),"Valid","Invalid"))} -> Invalid | E9: =MOD(SUM(F9:Q9),10) -> 6 | F9: =MID($A9,F$16,1)*F$17 -> 0 | G9: =MID($A9,G$16,1)*G$17 -> 12 | H9: =MID($A9,H$16,1)*H$17 -> 1 | I9: =MID($A9,I$16,1)*I$17 -> 21 | J9: =MID($A9,J$16,1)*J$17 -> 0 | K9: =MID($A9,K$16,1)*K$17 -> 21 | L9: =MID($A9,L$16,1)*L$17 -> 7 | M9: =MID($A9,M$16,1)*M$17 -> 3 | ... Q9: =MID($A9,Q$16,1)*Q$17 -> 3
A10: 0031062606262 | B10: Panduan Wisata Kuliner Jogja | C10: 80000 | D10: {=IF(MOD(SUMPRODUCT(MID(A10,ROW(INDIRECT("1:12")),1)*IF(MOD(ROW(INDIRECT("1:12")),2)=1,1,3)),10)=0, IF(RIGHT(A10,1)="0","Valid","Invalid"), IF(10-MOD(SUMPRODUCT(MID(A10,ROW(INDIRECT("1:12")),1)*IF(MOD(ROW(INDIRECT("1:12")),2)=1,1,3)),10)=VALUE(RIGHT(A10,1)),"Valid","Invalid"))} -> Invalid | E10: =MOD(SUM(F10:Q10),10) -> 2 | F10: =MID($A10,F$16,1)*F$17 -> 0 | G10: =MID($A10,G$16,1)*G$17 -> 0 | H10: =MID($A10,H$16,1)*H$17 -> 3 | I10: =MID($A10,I$16,1)*I$17 -> 3 | J10: =MID($A10,J$16,1)*J$17 -> 0 | K10: =MID($A10,K$16,1)*K$17 -> 18 | L10: =MID($A10,L$16,1)*L$17 -> 2 | M10: =MID($A10,M$16,1)*M$17 -> 18 | ... Q10: =MID($A10,Q$16,1)*Q$17 -> 18
A11: 0704075507555 | B11: Komik: Attack on Titan Vol. final | C11: 150000 | D11: {=IF(MOD(SUMPRODUCT(MID(A11,ROW(INDIRECT("1:12")),1)*IF(MOD(ROW(INDIRECT("1:12")),2)=1,1,3)),10)=0, IF(RIGHT(A11,1)="0","Valid","Invalid"), IF(10-MOD(SUMPRODUCT(MID(A11,ROW(INDIRECT("1:12")),1)*IF(MOD(ROW(INDIRECT("1:12")),2)=1,1,3)),10)=VALUE(RIGHT(A11,1)),"Valid","Invalid"))} -> Valid | E11: =MOD(SUM(F11:Q11),10) -> 5 | F11: =MID($A11,F$16,1)*F$17 -> 0 | G11: =MID($A11,G$16,1)*G$17 -> 21 | H11: =MID($A11,H$16,1)*H$17 -> 0 | I11: =MID($A11,I$16,1)*I$17 -> 12 | J11: =MID($A11,J$16,1)*J$17 -> 0 | K11: =MID($A11,K$16,1)*K$17 -> 21 | L11: =MID($A11,L$16,1)*L$17 -> 5 | M11: =MID($A11,M$16,1)*M$17 -> 15 | ... Q11: =MID($A11,Q$16,1)*Q$17 -> 15
A12: 0509056805682 | B12: Logika dan Algoritma Dasar | C12: 150000 | D12: {=IF(MOD(SUMPRODUCT(MID(A12,ROW(INDIRECT("1:12")),1)*IF(MOD(ROW(INDIRECT("1:12")),2)=1,1,3)),10)=0, IF(RIGHT(A12,1)="0","Valid","Invalid"), IF(10-MOD(SUMPRODUCT(MID(A12,ROW(INDIRECT("1:12")),1)*IF(MOD(ROW(INDIRECT("1:12")),2)=1,1,3)),10)=VALUE(RIGHT(A12,1)),"Valid","Invalid"))} -> Invalid | E12: =MOD(SUM(F12:Q12),10) -> 2 | F12: =MID($A12,F$16,1)*F$17 -> 0 | G12: =MID($A12,G$16,1)*G$17 -> 15 | H12: =MID($A12,H$16,1)*H$17 -> 0 | I12: =MID($A12,I$16,1)*I$17 -> 27 | J12: =MID($A12,J$16,1)*J$17 -> 0 | K12: =MID($A12,K$16,1)*K$17 -> 15 | L12: =MID($A12,L$16,1)*L$17 -> 6 | M12: =MID($A12,M$16,1)*M$17 -> 24 | ... Q12: =MID($A12,Q$16,1)*Q$17 -> 24
A13: 0039008000806 | B13: The Lean Startup | C13: 50000 | D13: {=IF(MOD(SUMPRODUCT(MID(A13,ROW(INDIRECT("1:12")),1)*IF(MOD(ROW(INDIRECT("1:12")),2)=1,1,3)),10)=0, IF(RIGHT(A13,1)="0","Valid","Invalid"), IF(10-MOD(SUMPRODUCT(MID(A13,ROW(INDIRECT("1:12")),1)*IF(MOD(ROW(INDIRECT("1:12")),2)=1,1,3)),10)=VALUE(RIGHT(A13,1)),"Valid","Invalid"))} -> Invalid | E13: =MOD(SUM(F13:Q13),10) -> 6 | F13: =MID($A13,F$16,1)*F$17 -> 0 | G13: =MID($A13,G$16,1)*G$17 -> 0 | H13: =MID($A13,H$16,1)*H$17 -> 3 | I13: =MID($A13,I$16,1)*I$17 -> 27 | J13: =MID($A13,J$16,1)*J$17 -> 0 | K13: =MID($A13,K$16,1)*K$17 -> 0 | L13: =MID($A13,L$16,1)*L$17 -> 8 | M13: =MID($A13,M$16,1)*M$17 -> 0 | ... Q13: =MID($A13,Q$16,1)*Q$17 -> 0
A14: 0328052805287 | B14: Seni Berbicara Kepada Siapa Saja | C14: 30000 | D14: {=IF(MOD(SUMPRODUCT(MID(A14,ROW(INDIRECT("1:12")),1)*IF(MOD(ROW(INDIRECT("1:12")),2)=1,1,3)),10)=0, IF(RIGHT(A14,1)="0","Valid","Invalid"), IF(10-MOD(SUMPRODUCT(MID(A14,ROW(INDIRECT("1:12")),1)*IF(MOD(ROW(INDIRECT("1:12")),2)=1,1,3)),10)=VALUE(RIGHT(A14,1)),"Valid","Invalid"))} -> Invalid | E14: =MOD(SUM(F14:Q14),10) -> 7 | F14: =MID($A14,F$16,1)*F$17 -> 0 | G14: =MID($A14,G$16,1)*G$17 -> 9 | H14: =MID($A14,H$16,1)*H$17 -> 2 | I14: =MID($A14,I$16,1)*I$17 -> 24 | J14: =MID($A14,J$16,1)*J$17 -> 0 | K14: =MID($A14,K$16,1)*K$17 -> 15 | L14: =MID($A14,L$16,1)*L$17 -> 2 | M14: =MID($A14,M$16,1)*M$17 -> 24 | ... Q14: =MID($A14,Q$16,1)*Q$17 -> 24
F16: 1 | G16: 2 | H16: 3 | I16: 4 | J16: 5 | K16: 6 | L16: 7 | M16: 8 | N16: 9 | O16: 10 | P16: 11 | Q16: 12
F17: 1 | G17: 3 | H17: 1 | I17: 3 | J17: 1 | K17: 3 | L17: 1 | M17: 3 | N17: 1 | O17: 3 | P17: 1 | Q17: 3

Sheet PURCHASE
G1: format
A2: Date | B2: Doc | C2: ISBN | D2: Qty | E2: Amount | F2: missing data | G2: Date | H2: Doc | I2: LIMIT 5 | J2: VALIDITY | K2: SEQUENCE | L2: DUPLIKASI | M2: AKURASI
A3: 44197 | B3: P-00001 | C3: 0644057805786 | D3: 2 | E3: 200000 | F3: =ISBLANK(B3) -> FALSE | G3: =ISNUMBER(A3) -> TRUE | H3: =ISTEXT(B3) -> TRUE | I3: =D3<=5 -> TRUE | J3: =_xlfn.XLOOKUP(C3,INVENTORY!A:A,INVENTORY!A:A,FALSE) -> 0644057805786 | K3: TRUE | L3: =COUNTIF($B$3:$B$50,B3)=1 -> TRUE | M3: =_xlfn.XLOOKUP(C3,INVENTORY!A:A,INVENTORY!C:C)*PURCHASE!D3=PURCHASE!E3 -> TRUE
A4: 44200 | B4: P-00002 | C4: 0704075507555 | D4: 1 | E4: 150000 | F4: =ISBLANK(B4) -> FALSE | G4: =ISNUMBER(A4) -> TRUE | H4: =ISTEXT(B4) -> TRUE | I4: =D4<=5 -> TRUE | J4: =_xlfn.XLOOKUP(C4,INVENTORY!A:A,INVENTORY!A:A,FALSE) -> 0704075507555 | K4: =IFERROR(VALUE(RIGHT(B4,5))-VALUE(RIGHT(B3,5))=1,FALSE) -> TRUE | L4: =COUNTIF($B$3:$B$50,B4)=1 -> TRUE | M4: =_xlfn.XLOOKUP(C4,INVENTORY!A:A,INVENTORY!C:C)*PURCHASE!D4=PURCHASE!E4 -> TRUE
A5: 44203 | B5: P-00003 | C5: 0818047804785 | D5: 3 | E5: 330000 | F5: =ISBLANK(B5) -> FALSE | G5: =ISNUMBER(A5) -> TRUE | H5: =ISTEXT(B5) -> TRUE | I5: =D5<=5 -> TRUE | J5: =_xlfn.XLOOKUP(C5,INVENTORY!A:A,INVENTORY!A:A,FALSE) -> 0818047804785 | K5: =IFERROR(VALUE(RIGHT(B5,5))-VALUE(RIGHT(B4,5))=1,FALSE) -> TRUE | L5: =COUNTIF($B$3:$B$50,B5)=1 -> TRUE | M5: =_xlfn.XLOOKUP(C5,INVENTORY!A:A,INVENTORY!C:C)*PURCHASE!D5=PURCHASE!E5 -> TRUE
A6: 44205 | B6: P-00004 | C6: 0730075107512 | D6: 3 | E6: 180000 | F6: =ISBLANK(B6) -> FALSE | G6: =ISNUMBER(A6) -> TRUE | H6: =ISTEXT(B6) -> TRUE | I6: =D6<=5 -> TRUE | J6: =_xlfn.XLOOKUP(C6,INVENTORY!A:A,INVENTORY!A:A,FALSE) -> 0730075107512 | K6: =IFERROR(VALUE(RIGHT(B6,5))-VALUE(RIGHT(B5,5))=1,FALSE) -> TRUE | L6: =COUNTIF($B$3:$B$50,B6)=1 -> TRUE | M6: =_xlfn.XLOOKUP(C6,INVENTORY!A:A,INVENTORY!C:C)*PURCHASE!D6=PURCHASE!E6 -> TRUE
A7: 44206 | B7: P-00005 | C7: 0633015501556 | D7: 1 | E7: 120000 | F7: =ISBLANK(B7) -> FALSE | G7: =ISNUMBER(A7) -> TRUE | H7: =ISTEXT(B7) -> TRUE | I7: =D7<=5 -> TRUE | J7: =_xlfn.XLOOKUP(C7,INVENTORY!A:A,INVENTORY!A:A,FALSE) -> 0633015501556 | K7: =IFERROR(VALUE(RIGHT(B7,5))-VALUE(RIGHT(B6,5))=1,FALSE) -> TRUE | L7: =COUNTIF($B$3:$B$50,B7)=1 -> TRUE | M7: =_xlfn.XLOOKUP(C7,INVENTORY!A:A,INVENTORY!C:C)*PURCHASE!D7=PURCHASE!E7 -> TRUE
A8: 44209 | B8: P-00006 | C8: 0059030803088 | D8: 1 | E8: 90000 | F8: =ISBLANK(B8) -> FALSE | G8: =ISNUMBER(A8) -> TRUE | H8: =ISTEXT(B8) -> TRUE | I8: =D8<=5 -> TRUE | J8: =_xlfn.XLOOKUP(C8,INVENTORY!A:A,INVENTORY!A:A,FALSE) -> 0059030803088 | K8: =IFERROR(VALUE(RIGHT(B8,5))-VALUE(RIGHT(B7,5))=1,FALSE) -> TRUE | L8: =COUNTIF($B$3:$B$50,B8)=1 -> TRUE | M8: =_xlfn.XLOOKUP(C8,INVENTORY!A:A,INVENTORY!C:C)*PURCHASE!D8=PURCHASE!E8 -> TRUE
A9: 44211 | B9: P-00007 | C9: 0328052805287 | D9: 3 | E9: 90000 | F9: =ISBLANK(B9) -> FALSE | G9: =ISNUMBER(A9) -> TRUE | H9: =ISTEXT(B9) -> TRUE | I9: =D9<=5 -> TRUE | J9: =_xlfn.XLOOKUP(C9,INVENTORY!A:A,INVENTORY!A:A,FALSE) -> 0328052805287 | K9: =IFERROR(VALUE(RIGHT(B9,5))-VALUE(RIGHT(B8,5))=1,FALSE) -> TRUE | L9: =COUNTIF($B$3:$B$50,B9)=1 -> TRUE | M9: =_xlfn.XLOOKUP(C9,INVENTORY!A:A,INVENTORY!C:C)*PURCHASE!D9=PURCHASE!E9 -> TRUE
A10: 44214 | B10: P-00008 | C10: 0025009700977 | D10: 2 | E10: 200000 | F10: =ISBLANK(B10) -> FALSE | G10: =ISNUMBER(A10) -> TRUE | H10: =ISTEXT(B10) -> TRUE | I10: =D10<=5 -> TRUE | J10: =_xlfn.XLOOKUP(C10,INVENTORY!A:A,INVENTORY!A:A,FALSE) -> 0025009700977 | K10: =IFERROR(VALUE(RIGHT(B10,5))-VALUE(RIGHT(B9,5))=1,FALSE) -> TRUE | L10: =COUNTIF($B$3:$B$50,B10)=1 -> TRUE | M10: =_xlfn.XLOOKUP(C10,INVENTORY!A:A,INVENTORY!C:C)*PURCHASE!D10=PURCHASE!E10 -> TRUE
A11: 44215 | B11: P-00009 | C11: 0730075107512 | D11: 2 | E11: 120000 | F11: =ISBLANK(B11) -> FALSE | G11: =ISNUMBER(A11) -> TRUE | H11: =ISTEXT(B11) -> TRUE | I11: =D11<=5 -> TRUE | J11: =_xlfn.XLOOKUP(C11,INVENTORY!A:A,INVENTORY!A:A,FALSE) -> 0730075107512 | K11: =IFERROR(VALUE(RIGHT(B11,5))-VALUE(RIGHT(B10,5))=1,FALSE) -> TRUE | L11: =COUNTIF($B$3:$B$50,B11)=1 -> TRUE | M11: =_xlfn.XLOOKUP(C11,INVENTORY!A:A,INVENTORY!C:C)*PURCHASE!D11=PURCHASE!E11 -> TRUE
A12: 44216 | B12: P-00010 | C12: 0633015501556 | D12: 2 | E12: 240000 | F12: =ISBLANK(B12) -> FALSE | G12: =ISNUMBER(A12) -> TRUE | H12: =ISTEXT(B12) -> TRUE | I12: =D12<=5 -> TRUE | J12: =_xlfn.XLOOKUP(C12,INVENTORY!A:A,INVENTORY!A:A,FALSE) -> 0633015501556 | K12: =IFERROR(VALUE(RIGHT(B12,5))-VALUE(RIGHT(B11,5))=1,FALSE) -> TRUE | L12: =COUNTIF($B$3:$B$50,B12)=1 -> TRUE | M12: =_xlfn.XLOOKUP(C12,INVENTORY!A:A,INVENTORY!C:C)*PURCHASE!D12=PURCHASE!E12 -> TRUE
A13: 44220 | B13: P-00011 | C13: 0417077107716 | D13: 3 | E13: 120000 | F13: =ISBLANK(B13) -> FALSE | G13: =ISNUMBER(A13) -> TRUE | H13: =ISTEXT(B13) -> TRUE | I13: =D13<=5 -> TRUE | J13: =_xlfn.XLOOKUP(C13,INVENTORY!A:A,INVENTORY!A:A,FALSE) -> 0417077107716 | K13: =IFERROR(VALUE(RIGHT(B13,5))-VALUE(RIGHT(B12,5))=1,FALSE) -> TRUE | L13: =COUNTIF($B$3:$B$50,B13)=1 -> TRUE | M13: =_xlfn.XLOOKUP(C13,INVENTORY!A:A,INVENTORY!C:C)*PURCHASE!D13=PURCHASE!E13 -> TRUE
A14: 44221 | B14: P-00012 | C14: 0730075107512 | D14: 3 | E14: 180000 | F14: =ISBLANK(B14) -> FALSE | G14: =ISNUMBER(A14) -> TRUE | H14: =ISTEXT(B14) -> TRUE | I14: =D14<=5 -> TRUE | J14: =_xlfn.XLOOKUP(C14,INVENTORY!A:A,INVENTORY!A:A,FALSE) -> 0730075107512 | K14: =IFERROR(VALUE(RIGHT(B14,5))-VALUE(RIGHT(B13,5))=1,FALSE) -> TRUE | L14: =COUNTIF($B$3:$B$50,B14)=1 -> TRUE | M14: =_xlfn.XLOOKUP(C14,INVENTORY!A:A,INVENTORY!C:C)*PURCHASE!D14=PURCHASE!E14 -> TRUE
A15: 44224 | B15: P-00013 | C15: 0031062606262 | D15: 1 | E15: 80000 | F15: =ISBLANK(B15) -> FALSE | G15: =ISNUMBER(A15) -> TRUE | H15: =ISTEXT(B15) -> TRUE | I15: =D15<=5 -> TRUE | J15: =_xlfn.XLOOKUP(C15,INVENTORY!A:A,INVENTORY!A:A,FALSE) -> 0031062606262 | K15: =IFERROR(VALUE(RIGHT(B15,5))-VALUE(RIGHT(B14,5))=1,FALSE) -> TRUE | L15: =COUNTIF($B$3:$B$50,B15)=1 -> TRUE | M15: =_xlfn.XLOOKUP(C15,INVENTORY!A:A,INVENTORY!C:C)*PURCHASE!D15=PURCHASE!E15 -> TRUE
... A25: 44244 | B25: P-00023 | C25: 0644057805786 | D25: 3 | E25: 300000 | F25: =ISBLANK(B25) -> FALSE | G25: =ISNUMBER(A25) -> TRUE | H25: =ISTEXT(B25) -> TRUE | I25: =D25<=5 -> TRUE | J25: =_xlfn.XLOOKUP(C25,INVENTORY!A:A,INVENTORY!A:A,FALSE) -> 0644057805786 | K25: =IFERROR(VALUE(RIGHT(B25,5))-VALUE(RIGHT(B24,5))=1,FALSE) -> TRUE | L25: =COUNTIF($B$3:$B$50,B25)=1 -> TRUE | M25: =_xlfn.XLOOKUP(C25,INVENTORY!A:A,INVENTORY!C:C)*PURCHASE!D25=PURCHASE!E25 -> TRUE
A26: 18/02/2021 | C26: 0509056805682 | D26: 13 | E26: 450000 | F26: =ISBLANK(B26) -> TRUE | G26: =ISNUMBER(A26) -> FALSE | H26: =ISTEXT(B26) -> FALSE | I26: =D26<=5 -> FALSE | J26: =_xlfn.XLOOKUP(C26,INVENTORY!A:A,INVENTORY!A:A,FALSE) -> 0509056805682 | K26: =IFERROR(VALUE(RIGHT(B26,5))-VALUE(RIGHT(B25,5))=1,FALSE) -> FALSE | L26: =COUNTIF($B$3:$B$50,B26)=1 -> FALSE | M26: =_xlfn.XLOOKUP(C26,INVENTORY!A:A,INVENTORY!C:C)*PURCHASE!D26=PURCHASE!E26 -> FALSE
A27: 44249 | B27: P-00025 | C27: 0633015501556 | D27: 2 | E27: 240000 | F27: =ISBLANK(B27) -> FALSE | G27: =ISNUMBER(A27) -> TRUE | H27: =ISTEXT(B27) -> TRUE | I27: =D27<=5 -> TRUE | J27: =_xlfn.XLOOKUP(C27,INVENTORY!A:A,INVENTORY!A:A,FALSE) -> 0633015501556 | K27: =IFERROR(VALUE(RIGHT(B27,5))-VALUE(RIGHT(B26,5))=1,FALSE) -> FALSE | L27: =COUNTIF($B$3:$B$50,B27)=1 -> TRUE | M27: =_xlfn.XLOOKUP(C27,INVENTORY!A:A,INVENTORY!C:C)*PURCHASE!D27=PURCHASE!E27 -> TRUE
A28: 44250 | B28: P-00026 | C28: 0644057805786 | D28: 2 | E28: 200000 | F28: =ISBLANK(B28) -> FALSE | G28: =ISNUMBER(A28) -> TRUE | H28: =ISTEXT(B28) -> TRUE | I28: =D28<=5 -> TRUE | J28: =_xlfn.XLOOKUP(C28,INVENTORY!A:A,INVENTORY!A:A,FALSE) -> 0644057805786 | K28: =IFERROR(VALUE(RIGHT(B28,5))-VALUE(RIGHT(B27,5))=1,FALSE) -> TRUE | L28: =COUNTIF($B$3:$B$50,B28)=1 -> TRUE | M28: =_xlfn.XLOOKUP(C28,INVENTORY!A:A,INVENTORY!C:C)*PURCHASE!D28=PURCHASE!E28 -> TRUE
A29: 44252 | B29: P-00027 | C29: 0039008000806 | D29: 3 | E29: 150000 | F29: =ISBLANK(B29) -> FALSE | G29: =ISNUMBER(A29) -> TRUE | H29: =ISTEXT(B29) -> TRUE | I29: =D29<=5 -> TRUE | J29: =_xlfn.XLOOKUP(C29,INVENTORY!A:A,INVENTORY!A:A,FALSE) -> 0039008000806 | K29: =IFERROR(VALUE(RIGHT(B29,5))-VALUE(RIGHT(B28,5))=1,FALSE) -> TRUE | L29: =COUNTIF($B$3:$B$50,B29)=1 -> TRUE | M29: =_xlfn.XLOOKUP(C29,INVENTORY!A:A,INVENTORY!C:C)*PURCHASE!D29=PURCHASE!E29 -> TRUE
A30: 44256 | B30: P-00028 | C30: 0644057805786 | D30: 1 | E30: 100000 | F30: =ISBLANK(B30) -> FALSE | G30: =ISNUMBER(A30) -> TRUE | H30: =ISTEXT(B30) -> TRUE | I30: =D30<=5 -> TRUE | J30: =_xlfn.XLOOKUP(C30,INVENTORY!A:A,INVENTORY!A:A,FALSE) -> 0644057805786 | K30: =IFERROR(VALUE(RIGHT(B30,5))-VALUE(RIGHT(B29,5))=1,FALSE) -> TRUE | L30: =COUNTIF($B$3:$B$50,B30)=1 -> TRUE | M30: =_xlfn.XLOOKUP(C30,INVENTORY!A:A,INVENTORY!C:C)*PURCHASE!D30=PURCHASE!E30 -> TRUE
A31: 44257 | B31: P-00029 | C31: 0633015501556 | D31: 1 | E31: 120000 | F31: =ISBLANK(B31) -> FALSE | G31: =ISNUMBER(A31) -> TRUE | H31: =ISTEXT(B31) -> TRUE | I31: =D31<=5 -> TRUE | J31: =_xlfn.XLOOKUP(C31,INVENTORY!A:A,INVENTORY!A:A,FALSE) -> 0633015501556 | K31: =IFERROR(VALUE(RIGHT(B31,5))-VALUE(RIGHT(B30,5))=1,FALSE) -> TRUE | L31: =COUNTIF($B$3:$B$50,B31)=1 -> TRUE | M31: =_xlfn.XLOOKUP(C31,INVENTORY!A:A,INVENTORY!C:C)*PURCHASE!D31=PURCHASE!E31 -> TRUE
A32: 44258 | B32: P-00030 | C32: 0039008000806 | D32: 2 | E32: 100000 | F32: =ISBLANK(B32) -> FALSE | G32: =ISNUMBER(A32) -> TRUE | H32: =ISTEXT(B32) -> TRUE | I32: =D32<=5 -> TRUE | J32: =_xlfn.XLOOKUP(C32,INVENTORY!A:A,INVENTORY!A:A,FALSE) -> 0039008000806 | K32: =IFERROR(VALUE(RIGHT(B32,5))-VALUE(RIGHT(B31,5))=1,FALSE) -> TRUE | L32: =COUNTIF($B$3:$B$50,B32)=1 -> TRUE | M32: =_xlfn.XLOOKUP(C32,INVENTORY!A:A,INVENTORY!C:C)*PURCHASE!D32=PURCHASE!E32 -> TRUE
A33: 44262 | B33: P-00031 | C33: 0644057805786 | D33: 2 | E33: 200000 | F33: =ISBLANK(B33) -> FALSE | G33: =ISNUMBER(A33) -> TRUE | H33: =ISTEXT(B33) -> TRUE | I33: =D33<=5 -> TRUE | J33: =_xlfn.XLOOKUP(C33,INVENTORY!A:A,INVENTORY!A:A,FALSE) -> 0644057805786 | K33: =IFERROR(VALUE(RIGHT(B33,5))-VALUE(RIGHT(B32,5))=1,FALSE) -> TRUE | L33: =COUNTIF($B$3:$B$50,B33)=1 -> TRUE | M33: =_xlfn.XLOOKUP(C33,INVENTORY!A:A,INVENTORY!C:C)*PURCHASE!D33=PURCHASE!E33 -> TRUE
A34: 44265 | B34: P-00032 | C34: 0039008000806 | D34: 1 | E34: 50000 | F34: =ISBLANK(B34) -> FALSE | G34: =ISNUMBER(A34) -> TRUE | H34: =ISTEXT(B34) -> TRUE | I34: =D34<=5 -> TRUE | J34: =_xlfn.XLOOKUP(C34,INVENTORY!A:A,INVENTORY!A:A,FALSE) -> 0039008000806 | K34: =IFERROR(VALUE(RIGHT(B34,5))-VALUE(RIGHT(B33,5))=1,FALSE) -> TRUE | L34: =COUNTIF($B$3:$B$50,B34)=1 -> TRUE | M34: =_xlfn.XLOOKUP(C34,INVENTORY!A:A,INVENTORY!C:C)*PURCHASE!D34=PURCHASE!E34 -> TRUE
A35: 44266 | B35: P-00033 | C35: 0730075107512 | D35: 1 | E35: 60000 | F35: =ISBLANK(B35) -> FALSE | G35: =ISNUMBER(A35) -> TRUE | H35: =ISTEXT(B35) -> TRUE | I35: =D35<=5 -> TRUE | J35: =_xlfn.XLOOKUP(C35,INVENTORY!A:A,INVENTORY!A:A,FALSE) -> 0730075107512 | K35: =IFERROR(VALUE(RIGHT(B35,5))-VALUE(RIGHT(B34,5))=1,FALSE) -> TRUE | L35: =COUNTIF($B$3:$B$50,B35)=1 -> TRUE | M35: =_xlfn.XLOOKUP(C35,INVENTORY!A:A,INVENTORY!C:C)*PURCHASE!D35=PURCHASE!E35 -> TRUE
A36: 44270 | B36: P-00034 | C36: 0509056805682 | D36: 2 | E36: 300000 | F36: =ISBLANK(B36) -> FALSE | G36: =ISNUMBER(A36) -> TRUE | H36: =ISTEXT(B36) -> TRUE | I36: =D36<=5 -> TRUE | J36: =_xlfn.XLOOKUP(C36,INVENTORY!A:A,INVENTORY!A:A,FALSE) -> 0509056805682 | K36: =IFERROR(VALUE(RIGHT(B36,5))-VALUE(RIGHT(B35,5))=1,FALSE) -> TRUE | L36: =COUNTIF($B$3:$B$50,B36)=1 -> TRUE | M36: =_xlfn.XLOOKUP(C36,INVENTORY!A:A,INVENTORY!C:C)*PURCHASE!D36=PURCHASE!E36 -> TRUE
A37: 44272 | B37: P-00035 | C37: 0691000100016 | D37: 2 | E37: 60000 | F37: =ISBLANK(B37) -> FALSE | G37: =ISNUMBER(A37) -> TRUE | H37: =ISTEXT(B37) -> TRUE | I37: =D37<=5 -> TRUE | J37: =_xlfn.XLOOKUP(C37,INVENTORY!A:A,INVENTORY!A:A,FALSE) -> 0691000100016 | K37: =IFERROR(VALUE(RIGHT(B37,5))-VALUE(RIGHT(B36,5))=1,FALSE) -> TRUE | L37: =COUNTIF($B$3:$B$50,B37)=1 -> TRUE | M37: =_xlfn.XLOOKUP(C37,INVENTORY!A:A,INVENTORY!C:C)*PURCHASE!D37=PURCHASE!E37 -> TRUE
A38: 44273 | B38: P-00036 | C38: 0509056805682 | D38: 1 | E38: 150000 | F38: =ISBLANK(B38) -> FALSE | G38: =ISNUMBER(A38) -> TRUE | H38: =ISTEXT(B38) -> TRUE | I38: =D38<=5 -> TRUE | J38: =_xlfn.XLOOKUP(C38,INVENTORY!A:A,INVENTORY!A:A,FALSE) -> 0509056805682 | K38: =IFERROR(VALUE(RIGHT(B38,5))-VALUE(RIGHT(B37,5))=1,FALSE) -> TRUE | L38: =COUNTIF($B$3:$B$50,B38)=1 -> TRUE | M38: =_xlfn.XLOOKUP(C38,INVENTORY!A:A,INVENTORY!C:C)*PURCHASE!D38=PURCHASE!E38 -> TRUE
... A50: 44311 | B50: P-00048 | C50: 0039008000806 | D50: 3 | E50: 150000 | F50: =ISBLANK(B50) -> FALSE | G50: =ISNUMBER(A50) -> TRUE | H50: =ISTEXT(B50) -> TRUE | I50: =D50<=5 -> TRUE | J50: =_xlfn.XLOOKUP(C50,INVENTORY!A:A,INVENTORY!A:A,FALSE) -> 0039008000806 | K50: =IFERROR(VALUE(RIGHT(B50,5))-VALUE(RIGHT(B49,5))=1,FALSE) -> TRUE | L50: =COUNTIF($B$3:$B$50,B50)=1 -> TRUE | M50: =_xlfn.XLOOKUP(C50,INVENTORY!A:A,INVENTORY!C:C)*PURCHASE!D50=PURCHASE!E50 -> TRUE
